payment_id,merchant_id,customer_id,payment_date,payment_time,amount,currency,payment_method,status,reference_id
PAY100001,MER002,CUST2776,2026-08-20,14:22:46,8500,INR,CARD,SUCCESS,ORD-735656
PAY100002,MER004,CUST7311,2026-08-19,11:16:02,12000,INR,UPI,SUCCESS,ORD-645175
PAY100003,MER018,CUST4228,2026-08-12,14:04:42,8500,INR,NETBANKING,SUCCESS,ORD-429164
PAY100004,MER004,CUST5920,2026-08-17,12:42:26,8500,INR,CARD,SUCCESS,ORD-831076
PAY100005,MER018,CUST3085,2026-08-07,14:42:24,100000,INR,NETBANKING,SUCCESS,ORD-282480
PAY100006,MER019,CUST5930,2026-08-13,16:53:00,5000,INR,CARD,SUCCESS,ORD-320392
PAY100007,MER019,CUST6279,2026-08-15,15:28:43,2500,INR,NETBANKING,SUCCESS,ORD-596171
PAY100008,MER003,CUST5649,2026-08-17,18:40:39,8500,INR,UPI,SUCCESS,ORD-958179
PAY100009,MER010,CUST4680,2026-08-07,10:01:02,2500,INR,CARD,SUCCESS,ORD-740967
PAY100010,MER015,CUST7790,2026-08-21,17:12:45,12000,INR,CARD,SUCCESS,ORD-519066
PAY100011,MER001,CUST2746,2026-08-14,11:11:51,50000,INR,CARD,SUCCESS,ORD-152657
PAY100012,MER018,CUST5082,2026-08-04,15:08:51,25000,INR,NETBANKING,SUCCESS,ORD-656932
PAY200012,MER018,CUST5082,2026-08-04,15:08:51,25000,INR,NETBANKING,SUCCESS,ORD-656932
PAY100013,MER020,CUST6198,2026-08-15,17:52:46,50000,INR,CARD,SUCCESS,ORD-970914
PAY100014,MER015,CUST3607,2026-08-16,15:16:48,2500,INR,NETBANKING,SUCCESS,ORD-390782
PAY100015,MER016,CUST4919,2026-08-09,15:04:45,5000,INR,UPI,SUCCESS,ORD-384913
PAY100016,MER018,CUST2320,2026-08-05,10:14:24,1200,INR,NETBANKING,SUCCESS,ORD-324345
PAY100017,MER014,CUST7678,2026-08-11,16:29:26,500,INR,UPI,SUCCESS,ORD-973349
PAY100018,MER013,CUST1320,2026-08-19,14:30:00,8500,INR,CARD,SUCCESS,ORD-890075
PAY100019,MER014,CUST9818,2026-08-18,20:38:57,2500,INR,CARD,SUCCESS,ORD-330080
PAY100020,MER014,CUST8956,2026-08-01,14:21:42,100000,INR,CARD,SUCCESS,ORD-859359
PAY100021,MER015,CUST3091,2026-08-20,16:01:58,12000,INR,NETBANKING,SUCCESS,ORD-691807
PAY100022,MER003,CUST8022,2026-08-05,21:29:11,500,INR,CARD,SUCCESS,ORD-497519
PAY100023,MER015,CUST6355,2026-08-11,20:56:24,5000,INR,CARD,SUCCESS,ORD-364525
PAY100024,MER016,CUST1317,2026-08-18,08:22:14,100000,INR,UPI,SUCCESS,ORD-919182
PAY100025,MER002,CUST1508,2026-08-08,11:53:01,75000,INR,UPI,SUCCESS,ORD-350132
PAY100026,MER016,CUST2874,2026-08-19,11:29:44,5000,INR,CARD,SUCCESS,ORD-275939
PAY100027,MER010,CUST2771,2026-08-19,08:59:19,75000,INR,NETBANKING,SUCCESS,ORD-493537
PAY100028,MER007,CUST2245,2026-08-19,19:53:40,2500,INR,UPI,SUCCESS,ORD-831059
PAY100029,MER020,CUST2983,2026-08-19,20:02:22,50000,INR,CARD,SUCCESS,ORD-793655
PAY100030,MER003,CUST9289,2026-08-21,13:00:54,12000,INR,CARD,SUCCESS,ORD-210665
PAY100031,MER012,CUST8532,2026-08-05,14:11:46,50000,INR,NETBANKING,SUCCESS,ORD-383201
PAY100032,MER018,CUST8921,2026-08-15,14:52:46,75000,INR,CARD,SUCCESS,ORD-437960
PAY100033,MER003,CUST5569,2026-08-15,11:48:29,75000,INR,NETBANKING,SUCCESS,ORD-800646
PAY100034,MER011,CUST1470,2026-08-16,21:20:11,25000,INR,UPI,SUCCESS,ORD-472060
PAY100035,MER011,CUST5581,2026-08-20,19:56:17,50000,INR,UPI,SUCCESS,ORD-641722
PAY100036,MER003,CUST4954,2026-08-14,15:35:48,2500,INR,NETBANKING,SUCCESS,ORD-599219
PAY100037,MER016,CUST8342,2026-08-01,09:18:14,12000,INR,NETBANKING,SUCCESS,ORD-355123
PAY200037,MER016,CUST8342,2026-08-01,09:18:14,12000,INR,NETBANKING,SUCCESS,ORD-355123
PAY100038,MER019,CUST7046,2026-08-16,16:33:22,12000,INR,NETBANKING,SUCCESS,ORD-677124
PAY100039,MER012,CUST8434,2026-08-09,12:16:14,750,INR,NETBANKING,SUCCESS,ORD-301939
PAY100040,MER004,CUST9779,2026-08-06,11:13:47,25000,INR,CARD,SUCCESS,ORD-859782
PAY100041,MER017,CUST5636,2026-08-04,21:12:18,2500,INR,CARD,SUCCESS,ORD-288158
PAY100042,MER001,CUST9751,2026-08-05,12:02:03,50000,INR,CARD,SUCCESS,ORD-831295
PAY100043,MER016,CUST2680,2026-08-01,17:18:30,25000,INR,CARD,SUCCESS,ORD-457256
PAY100044,MER002,CUST5136,2026-08-16,09:52:04,12000,INR,CARD,SUCCESS,ORD-177680
PAY100045,MER002,CUST3485,2026-08-05,20:36:19,750,INR,UPI,SUCCESS,ORD-224205
PAY100046,MER018,CUST7818,2026-08-20,17:50:39,2500,INR,NETBANKING,SUCCESS,ORD-498855
PAY100047,MER015,CUST5871,2026-08-19,14:19:36,75000,INR,UPI,SUCCESS,ORD-739244
PAY100048,MER007,CUST4457,2026-08-09,18:05:10,2500,INR,UPI,SUCCESS,ORD-678805
PAY100049,MER001,CUST7693,2026-08-15,19:38:30,5000,INR,UPI,SUCCESS,ORD-342720
PAY100050,MER010,CUST8438,2026-08-03,18:14:59,5000,INR,NETBANKING,SUCCESS,ORD-718439
PAY100051,MER007,CUST7965,2026-08-04,16:14:41,1200,INR,CARD,SUCCESS,ORD-966785
PAY100052,MER003,CUST1977,2026-08-06,20:19:38,75000,INR,CARD,SUCCESS,ORD-560485
PAY100053,MER015,CUST5982,2026-08-13,12:32:34,25000,INR,CARD,SUCCESS,ORD-184349
PAY100054,MER014,CUST6280,2026-08-20,12:01:05,2500,INR,NETBANKING,SUCCESS,ORD-976566
PAY100055,MER019,CUST1659,2026-08-06,15:33:41,25000,INR,CARD,SUCCESS,ORD-290305
PAY100056,MER014,CUST9056,2026-08-03,15:22:26,8500,INR,CARD,SUCCESS,ORD-802685
PAY100057,MER006,CUST6403,2026-08-14,19:31:18,100000,INR,CARD,SUCCESS,ORD-953085
PAY100058,MER002,CUST8451,2026-08-03,13:16:20,750,INR,CARD,SUCCESS,ORD-639593
PAY100059,MER018,CUST8569,2026-08-14,08:12:33,8500,INR,NETBANKING,SUCCESS,ORD-893188
PAY100060,MER015,CUST1845,2026-08-07,12:35:08,5000,INR,CARD,SUCCESS,ORD-832168
PAY100061,MER004,CUST1472,2026-08-21,17:51:15,1200,INR,CARD,SUCCESS,ORD-677596
PAY100062,MER018,CUST7684,2026-08-03,11:53:58,750,INR,CARD,SUCCESS,ORD-223172
PAY100063,MER005,CUST9165,2026-08-10,16:45:17,12000,INR,CARD,SUCCESS,ORD-595158
PAY100064,MER015,CUST3369,2026-08-13,11:58:38,50000,INR,NETBANKING,SUCCESS,ORD-243139
PAY100065,MER009,CUST7798,2026-08-11,20:32:17,500,INR,CARD,SUCCESS,ORD-861319
PAY100066,MER019,CUST9022,2026-08-05,15:34:30,8500,INR,CARD,SUCCESS,ORD-678727
PAY100067,MER013,CUST8460,2026-08-11,21:12:44,2500,INR,NETBANKING,SUCCESS,ORD-501574
PAY100068,MER002,CUST6213,2026-08-16,19:58:51,12000,INR,CARD,SUCCESS,ORD-795928
PAY100069,MER005,CUST9115,2026-08-02,10:32:37,8500,INR,UPI,SUCCESS,ORD-986088
PAY100070,MER004,CUST9617,2026-08-15,08:46:09,12000,INR,NETBANKING,SUCCESS,ORD-261859
PAY100071,MER009,CUST6546,2026-08-20,19:25:41,750,INR,CARD,SUCCESS,ORD-993744
PAY100072,MER013,CUST6188,2026-08-21,19:56:48,25000,INR,NETBANKING,SUCCESS,ORD-137642
PAY100073,MER010,CUST4727,2026-08-03,14:06:48,100000,INR,NETBANKING,SUCCESS,ORD-205389
PAY100074,MER006,CUST5906,2026-08-01,08:20:50,500,INR,CARD,SUCCESS,ORD-475876
PAY100075,MER005,CUST5000,2026-08-17,14:36:43,1200,INR,UPI,SUCCESS,ORD-283573
PAY100076,MER003,CUST7267,2026-08-20,18:15:31,75000,INR,UPI,SUCCESS,ORD-343467
PAY100077,MER015,CUST5161,2026-08-15,12:42:00,25000,INR,CARD,SUCCESS,ORD-810526
PAY100078,MER006,CUST2210,2026-08-15,13:37:19,100000,INR,CARD,SUCCESS,ORD-823846
PAY100079,MER010,CUST4263,2026-08-13,21:30:06,2500,INR,CARD,SUCCESS,ORD-699704
PAY100080,MER019,CUST5847,2026-08-10,08:53:42,12000,INR,CARD,SUCCESS,ORD-108491
PAY100081,MER002,CUST9138,2026-08-10,20:51:14,75000,INR,CARD,SUCCESS,ORD-329642
PAY100082,MER007,CUST5106,2026-08-05,18:06:57,100000,INR,NETBANKING,SUCCESS,ORD-141337
PAY100083,MER015,CUST1546,2026-08-19,13:46:08,750,INR,CARD,SUCCESS,ORD-442589
PAY100084,MER006,CUST4289,2026-08-05,20:34:56,8500,INR,NETBANKING,SUCCESS,ORD-626169
PAY100085,MER006,CUST5210,2026-08-16,20:18:47,8500,INR,UPI,SUCCESS,ORD-591081
PAY100086,MER003,CUST3306,2026-08-08,21:43:46,100000,INR,CARD,SUCCESS,ORD-986827
PAY200086,MER003,CUST3306,2026-08-08,21:43:46,100000,INR,CARD,SUCCESS,ORD-986827
PAY100087,MER012,CUST2479,2026-08-13,08:16:34,750,INR,CARD,SUCCESS,ORD-486490
PAY100088,MER019,CUST7242,2026-08-21,13:06:43,2500,INR,CARD,SUCCESS,ORD-126240
PAY100089,MER018,CUST6374,2026-08-20,11:41:04,100000,INR,CARD,SUCCESS,ORD-835132
PAY200089,MER018,CUST6374,2026-08-20,11:41:04,100000,INR,CARD,SUCCESS,ORD-835132
PAY100090,MER014,CUST2911,2026-08-05,08:02:19,25000,INR,UPI,SUCCESS,ORD-201913
PAY100091,MER018,CUST3222,2026-08-13,15:23:42,50000,INR,CARD,SUCCESS,ORD-715870
PAY100092,MER014,CUST2622,2026-08-16,17:26:17,500,INR,NETBANKING,SUCCESS,ORD-488528
PAY100093,MER015,CUST8285,2026-08-08,21:23:06,100000,INR,CARD,SUCCESS,ORD-670913
PAY100094,MER012,CUST1992,2026-08-13,12:12:07,25000,INR,UPI,SUCCESS,ORD-794963
PAY100095,MER020,CUST1349,2026-08-02,20:21:15,1200,INR,NETBANKING,SUCCESS,ORD-315173
PAY100096,MER018,CUST4394,2026-08-19,11:52:55,2500,INR,CARD,SUCCESS,ORD-911984
PAY100097,MER020,CUST1046,2026-08-09,21:09:08,50000,INR,CARD,SUCCESS,ORD-937302
PAY100098,MER004,CUST1422,2026-08-05,08:22:50,2500,INR,NETBANKING,SUCCESS,ORD-439498
PAY200098,MER004,CUST1422,2026-08-05,08:22:50,2500,INR,NETBANKING,SUCCESS,ORD-439498
PAY100099,MER006,CUST5347,2026-08-02,10:47:26,50000,INR,UPI,SUCCESS,ORD-881886
PAY100100,MER003,CUST8802,2026-08-15,20:23:32,75000,INR,UPI,SUCCESS,ORD-573962
PAY100101,MER008,CUST1710,2026-08-17,12:29:41,500,INR,UPI,SUCCESS,ORD-602248
PAY100102,MER014,CUST2768,2026-08-16,19:58:28,750,INR,UPI,SUCCESS,ORD-437758
PAY100103,MER005,CUST2076,2026-08-05,12:39:40,75000,INR,NETBANKING,SUCCESS,ORD-846746
PAY100104,MER013,CUST9692,2026-08-10,15:32:38,12000,INR,UPI,SUCCESS,ORD-931621
PAY100105,MER018,CUST4522,2026-08-14,15:56:14,12000,INR,CARD,SUCCESS,ORD-967611
PAY100106,MER013,CUST7815,2026-08-04,13:27:20,100000,INR,CARD,SUCCESS,ORD-492483
PAY100107,MER003,CUST2494,2026-08-03,09:27:06,8500,INR,UPI,SUCCESS,ORD-683397
PAY100108,MER019,CUST6400,2026-08-04,14:22:55,100000,INR,CARD,SUCCESS,ORD-856086
PAY100109,MER002,CUST5712,2026-08-20,12:22:06,75000,INR,NETBANKING,SUCCESS,ORD-323072
PAY100110,MER016,CUST4674,2026-08-04,13:54:35,8500,INR,UPI,SUCCESS,ORD-899649
PAY100111,MER008,CUST8030,2026-08-18,20:52:39,75000,INR,NETBANKING,SUCCESS,ORD-773918
PAY100112,MER001,CUST5381,2026-08-01,10:17:44,5000,INR,CARD,SUCCESS,ORD-468074
PAY100113,MER001,CUST3972,2026-08-05,17:42:25,750,INR,UPI,SUCCESS,ORD-876962
PAY100114,MER001,CUST2503,2026-08-17,11:24:26,25000,INR,CARD,SUCCESS,ORD-265055
PAY100115,MER010,CUST6314,2026-08-19,17:05:56,500,INR,UPI,SUCCESS,ORD-265056
PAY100116,MER002,CUST2336,2026-08-09,15:42:27,25000,INR,NETBANKING,SUCCESS,ORD-563516
PAY100117,MER007,CUST9394,2026-08-04,13:27:07,5000,INR,NETBANKING,SUCCESS,ORD-811444
PAY200117,MER007,CUST9394,2026-08-04,13:27:07,5000,INR,NETBANKING,SUCCESS,ORD-811444
PAY100118,MER016,CUST9633,2026-08-10,08:14:25,75000,INR,UPI,SUCCESS,ORD-108060
PAY100119,MER010,CUST4460,2026-08-05,20:16:18,8500,INR,UPI,SUCCESS,ORD-108105
PAY100120,MER014,CUST3878,2026-08-05,14:34:45,2500,INR,NETBANKING,SUCCESS,ORD-685864
PAY100121,MER012,CUST2180,2026-08-13,21:47:02,12000,INR,UPI,SUCCESS,ORD-582087
PAY100122,MER011,CUST8033,2026-08-19,14:45:40,12000,INR,CARD,SUCCESS,ORD-220768
PAY100123,MER001,CUST6321,2026-08-06,20:39:29,8500,INR,UPI,SUCCESS,ORD-557925
PAY100124,MER014,CUST7560,2026-08-17,09:25:55,5000,INR,NETBANKING,SUCCESS,ORD-456005
PAY100125,MER011,CUST3754,2026-08-03,16:40:07,50000,INR,NETBANKING,SUCCESS,ORD-303322
PAY100126,MER012,CUST3419,2026-08-08,09:09:16,2500,INR,UPI,SUCCESS,ORD-731661
PAY100127,MER005,CUST2234,2026-08-06,20:40:31,25000,INR,NETBANKING,SUCCESS,ORD-896788
PAY100128,MER015,CUST6295,2026-08-21,13:09:28,750,INR,CARD,SUCCESS,ORD-563688
PAY100129,MER010,CUST5500,2026-08-19,08:22:32,750,INR,CARD,SUCCESS,ORD-584172
PAY100130,MER002,CUST1932,2026-08-12,21:18:04,100000,INR,UPI,SUCCESS,ORD-744883
PAY100131,MER019,CUST1672,2026-08-15,20:36:41,2500,INR,CARD,SUCCESS,ORD-734394
PAY100132,MER005,CUST2013,2026-08-15,09:51:57,8500,INR,NETBANKING,SUCCESS,ORD-188425
PAY100133,MER006,CUST1641,2026-08-08,19:28:28,50000,INR,NETBANKING,SUCCESS,ORD-739427
PAY100134,MER012,CUST7108,2026-08-10,14:26:49,8500,INR,NETBANKING,SUCCESS,ORD-726928
PAY100135,MER011,CUST2079,2026-08-11,09:35:43,12000,INR,CARD,SUCCESS,ORD-364236
PAY100136,MER020,CUST3463,2026-08-11,09:37:42,1200,INR,CARD,SUCCESS,ORD-425301
PAY100137,MER013,CUST3112,2026-08-20,19:05:19,50000,INR,CARD,SUCCESS,ORD-774751
PAY100138,MER005,CUST9624,2026-08-03,18:42:27,50000,INR,CARD,SUCCESS,ORD-119116
PAY100139,MER006,CUST4509,2026-08-11,20:31:12,2500,INR,UPI,SUCCESS,ORD-262471
PAY100140,MER010,CUST2657,2026-08-17,20:34:53,50000,INR,UPI,SUCCESS,ORD-794083
PAY100141,MER005,CUST7172,2026-08-05,10:11:53,75000,INR,UPI,SUCCESS,ORD-856215
PAY100142,MER002,CUST7731,2026-08-12,18:46:15,25000,INR,NETBANKING,SUCCESS,ORD-398768
PAY100143,MER008,CUST9749,2026-08-08,12:51:50,25000,INR,UPI,SUCCESS,ORD-485709
PAY100144,MER015,CUST8564,2026-08-10,20:24:32,50000,INR,CARD,SUCCESS,ORD-269930
PAY100145,MER020,CUST3267,2026-08-09,08:41:30,8500,INR,NETBANKING,SUCCESS,ORD-207573
PAY100146,MER004,CUST5670,2026-08-03,20:10:17,25000,INR,NETBANKING,SUCCESS,ORD-254506
PAY100147,MER003,CUST4637,2026-08-15,13:59:01,12000,INR,UPI,SUCCESS,ORD-515712
PAY100148,MER017,CUST7126,2026-08-08,14:05:23,2500,INR,UPI,SUCCESS,ORD-434165
PAY100149,MER011,CUST3392,2026-08-05,08:18:58,25000,INR,NETBANKING,SUCCESS,ORD-971482
PAY100150,MER016,CUST8349,2026-08-20,08:57:05,500,INR,CARD,SUCCESS,ORD-326130
PAY100151,MER020,CUST9647,2026-08-14,09:49:18,2500,INR,CARD,SUCCESS,ORD-227767
PAY100152,MER008,CUST7878,2026-08-21,20:39:29,750,INR,UPI,SUCCESS,ORD-977330
PAY100153,MER020,CUST9782,2026-08-01,18:32:36,2500,INR,NETBANKING,SUCCESS,ORD-250551
PAY200153,MER020,CUST9782,2026-08-01,18:32:36,2500,INR,NETBANKING,SUCCESS,ORD-250551
PAY100154,MER014,CUST1025,2026-08-20,13:15:36,12000,INR,UPI,SUCCESS,ORD-796643
PAY100155,MER003,CUST9576,2026-08-12,09:33:34,50000,INR,NETBANKING,SUCCESS,ORD-681070
PAY100156,MER016,CUST1713,2026-08-21,14:23:16,500,INR,CARD,SUCCESS,ORD-926823
PAY100157,MER008,CUST2698,2026-08-19,19:48:21,1200,INR,UPI,SUCCESS,ORD-469412
PAY100158,MER006,CUST8612,2026-08-16,18:11:51,1200,INR,UPI,SUCCESS,ORD-850827
PAY100159,MER002,CUST5807,2026-08-07,08:50:12,500,INR,CARD,SUCCESS,ORD-425138
PAY100160,MER018,CUST8756,2026-08-09,08:48:41,2500,INR,CARD,SUCCESS,ORD-474314
PAY100161,MER011,CUST5476,2026-08-04,20:23:27,12000,INR,NETBANKING,SUCCESS,ORD-561097
PAY100162,MER011,CUST4060,2026-08-16,19:31:23,50000,INR,CARD,SUCCESS,ORD-940064
PAY100163,MER014,CUST2293,2026-08-14,17:52:11,50000,INR,CARD,SUCCESS,ORD-436814
PAY100164,MER003,CUST6372,2026-08-10,12:28:38,12000,INR,UPI,SUCCESS,ORD-823270
PAY100165,MER012,CUST8325,2026-08-02,19:55:58,8500,INR,NETBANKING,SUCCESS,ORD-556068
PAY100166,MER002,CUST2229,2026-08-21,14:23:32,100000,INR,UPI,SUCCESS,ORD-132653
PAY100167,MER015,CUST1570,2026-08-05,09:15:49,100000,INR,CARD,SUCCESS,ORD-479742
PAY100168,MER019,CUST1530,2026-08-20,10:43:28,8500,INR,CARD,SUCCESS,ORD-565504
PAY100169,MER019,CUST3255,2026-08-17,13:25:20,100000,INR,CARD,SUCCESS,ORD-361736
PAY100170,MER004,CUST1424,2026-08-06,15:33:24,50000,INR,UPI,SUCCESS,ORD-374492
PAY100171,MER009,CUST8311,2026-08-07,17:18:44,25000,INR,UPI,SUCCESS,ORD-228594
PAY100172,MER003,CUST8406,2026-08-06,19:28:05,100000,INR,CARD,SUCCESS,ORD-800280
PAY100173,MER003,CUST9882,2026-08-10,12:54:10,100000,INR,UPI,SUCCESS,ORD-932250
PAY200173,MER003,CUST9882,2026-08-10,12:54:10,100000,INR,UPI,SUCCESS,ORD-932250
PAY100174,MER017,CUST4673,2026-08-04,11:50:08,2500,INR,CARD,SUCCESS,ORD-127560
PAY100175,MER018,CUST7044,2026-08-15,20:35:08,75000,INR,UPI,SUCCESS,ORD-168941
PAY100176,MER013,CUST8842,2026-08-17,14:49:26,75000,INR,UPI,SUCCESS,ORD-231414
PAY100177,MER003,CUST8372,2026-08-15,18:33:22,1200,INR,NETBANKING,SUCCESS,ORD-770872
PAY100178,MER006,CUST3114,2026-08-14,16:58:55,500,INR,UPI,SUCCESS,ORD-643269
PAY100179,MER010,CUST3697,2026-08-06,13:59:45,2500,INR,CARD,SUCCESS,ORD-644103
PAY100180,MER010,CUST2292,2026-08-09,11:40:35,5000,INR,UPI,SUCCESS,ORD-755383
PAY100181,MER018,CUST2530,2026-08-17,18:10:37,75000,INR,UPI,SUCCESS,ORD-279516
PAY100182,MER020,CUST6531,2026-08-19,08:52:55,500,INR,UPI,SUCCESS,ORD-147670
PAY100183,MER019,CUST5336,2026-08-21,11:49:36,12000,INR,NETBANKING,SUCCESS,ORD-770030
PAY100184,MER016,CUST9938,2026-08-10,18:19:30,2500,INR,NETBANKING,SUCCESS,ORD-525818
PAY100185,MER003,CUST1981,2026-08-06,15:26:30,25000,INR,UPI,SUCCESS,ORD-456717
PAY200185,MER003,CUST1981,2026-08-06,15:26:30,25000,INR,UPI,SUCCESS,ORD-456717
PAY100186,MER005,CUST6121,2026-08-11,19:55:22,12000,INR,UPI,SUCCESS,ORD-897615
PAY100187,MER017,CUST2739,2026-08-11,11:29:07,5000,INR,CARD,SUCCESS,ORD-359961
PAY100188,MER004,CUST1829,2026-08-10,14:55:39,12000,INR,UPI,SUCCESS,ORD-267457
PAY100189,MER011,CUST4110,2026-08-06,15:32:29,25000,INR,CARD,SUCCESS,ORD-621530
PAY100190,MER003,CUST7442,2026-08-17,15:15:13,75000,INR,CARD,SUCCESS,ORD-151021
PAY100191,MER010,CUST9108,2026-08-20,21:41:43,25000,INR,CARD,SUCCESS,ORD-662761
PAY100192,MER014,CUST3194,2026-08-09,19:23:48,12000,INR,CARD,SUCCESS,ORD-147440
PAY100193,MER002,CUST4189,2026-08-12,16:18:04,12000,INR,NETBANKING,SUCCESS,ORD-572230
PAY100194,MER020,CUST2946,2026-08-05,09:25:23,8500,INR,NETBANKING,SUCCESS,ORD-483366
PAY100195,MER020,CUST9341,2026-08-13,16:02:02,500,INR,UPI,SUCCESS,ORD-848255
PAY100196,MER016,CUST9508,2026-08-15,10:38:57,50000,INR,UPI,SUCCESS,ORD-443897
PAY100197,MER011,CUST3662,2026-08-13,17:47:53,5000,INR,NETBANKING,SUCCESS,ORD-452713
PAY100198,MER017,CUST9721,2026-08-16,19:36:19,25000,INR,UPI,SUCCESS,ORD-486251
PAY100199,MER004,CUST7824,2026-08-19,12:50:57,100000,INR,UPI,SUCCESS,ORD-725905
PAY100200,MER009,CUST4728,2026-08-02,17:30:10,50000,INR,NETBANKING,SUCCESS,ORD-856215
PAY200200,MER009,CUST4728,2026-08-02,17:30:10,50000,INR,NETBANKING,SUCCESS,ORD-856215
PAY100201,MER013,CUST3421,2026-08-08,08:36:44,750,INR,UPI,SUCCESS,ORD-119857
PAY100202,MER011,CUST7861,2026-08-05,14:44:13,12000,INR,NETBANKING,SUCCESS,ORD-912617
PAY100203,MER016,CUST2020,2026-08-05,16:13:35,8500,INR,NETBANKING,SUCCESS,ORD-601608
PAY100204,MER017,CUST7173,2026-08-11,10:29:58,50000,INR,CARD,SUCCESS,ORD-672808
PAY100205,MER009,CUST8932,2026-08-07,11:17:35,5000,INR,UPI,SUCCESS,ORD-412071
PAY100206,MER007,CUST9011,2026-08-11,15:22:35,5000,INR,CARD,SUCCESS,ORD-227794
PAY100207,MER013,CUST6654,2026-08-05,12:02:18,750,INR,CARD,SUCCESS,ORD-563864
PAY100208,MER009,CUST8849,2026-08-07,11:52:34,5000,INR,NETBANKING,SUCCESS,ORD-829988
PAY100209,MER005,CUST2789,2026-08-20,19:37:15,2500,INR,UPI,SUCCESS,ORD-802371
PAY100210,MER008,CUST4814,2026-08-02,09:26:21,25000,INR,UPI,SUCCESS,ORD-814281
PAY100211,MER001,CUST3587,2026-08-14,18:59:56,25000,INR,CARD,SUCCESS,ORD-782139
PAY100212,MER010,CUST6262,2026-08-10,18:03:58,750,INR,NETBANKING,SUCCESS,ORD-702022
PAY100213,MER008,CUST9767,2026-08-02,10:26:56,1200,INR,UPI,SUCCESS,ORD-976822
PAY100214,MER006,CUST5742,2026-08-02,08:19:36,75000,INR,UPI,SUCCESS,ORD-451317
PAY100215,MER015,CUST9901,2026-08-17,15:56:08,50000,INR,CARD,SUCCESS,ORD386090
PAY100216,MER004,CUST6417,2026-08-06,19:29:41,5000,INR,NETBANKING,SUCCESS,ORD-295243
PAY100217,MER011,CUST5833,2026-08-19,18:48:12,1200,INR,NETBANKING,SUCCESS,ORD-997734
PAY100218,MER013,CUST8007,2026-08-17,13:05:25,100000,INR,UPI,SUCCESS,ORD-293757
PAY100219,MER011,CUST5064,2026-08-01,12:24:15,25000,INR,CARD,SUCCESS,ORD-445637
PAY100220,MER019,CUST1187,2026-08-09,18:23:44,2500,INR,UPI,SUCCESS,ORD-800224
PAY100221,MER015,CUST6026,2026-08-06,14:43:32,5000,INR,NETBANKING,SUCCESS,ORD-223119
PAY100222,MER010,CUST7021,2026-08-20,11:14:08,25000,INR,UPI,SUCCESS,ORD-577079
PAY100223,MER018,CUST8714,2026-08-18,20:42:52,2500,INR,UPI,SUCCESS,ORD-813390
PAY100224,MER003,CUST9609,2026-08-15,16:45:23,750,INR,NETBANKING,SUCCESS,ORD-217659
PAY100225,MER018,CUST9281,2026-08-07,17:34:09,1200,INR,CARD,SUCCESS,ORD-995993
PAY100226,MER015,CUST2904,2026-08-07,19:37:31,750,INR,NETBANKING,SUCCESS,ORD-567122
PAY100227,MER005,CUST9409,2026-08-14,15:36:03,50000,INR,CARD,SUCCESS,ORD-805448
PAY100228,MER001,CUST7487,2026-08-09,21:00:47,2500,INR,NETBANKING,SUCCESS,ORD-176577
PAY100229,MER012,CUST2044,2026-08-18,08:59:57,750,INR,CARD,SUCCESS,ORD-133276
PAY100230,MER014,CUST3948,2026-08-05,20:41:46,100000,INR,CARD,SUCCESS,ORD-492650
PAY100231,MER013,CUST7154,2026-08-03,18:42:55,50000,INR,UPI,SUCCESS,ORD-785280
PAY100232,MER006,CUST9802,2026-08-13,16:08:46,2500,INR,UPI,SUCCESS,ORD-892911
PAY200232,MER006,CUST9802,2026-08-13,16:08:46,2500,INR,UPI,SUCCESS,ORD-892911
PAY100233,MER010,CUST8585,2026-08-18,14:34:24,2500,INR,UPI,SUCCESS,ORD-583000
PAY100234,MER005,CUST5516,2026-08-07,19:48:07,500,INR,NETBANKING,SUCCESS,ORD-539605
PAY200234,MER005,CUST5516,2026-08-07,19:48:07,500,INR,NETBANKING,SUCCESS,ORD-539605
PAY100235,MER001,CUST4943,2026-08-07,09:06:38,500,INR,CARD,SUCCESS,ORD-726822
PAY100236,MER008,CUST1724,2026-08-13,15:14:34,2500,INR,UPI,SUCCESS,ORD-246942
PAY100237,MER010,CUST4836,2026-08-19,13:36:38,100000,INR,CARD,SUCCESS,ORD-348411
PAY100238,MER005,CUST9540,2026-08-08,14:19:17,500,INR,NETBANKING,SUCCESS,ORD-720407
PAY100239,MER014,CUST9120,2026-08-02,13:41:42,12000,INR,NETBANKING,SUCCESS,ORD-434217
PAY100240,MER014,CUST3444,2026-08-10,14:11:48,50000,INR,CARD,SUCCESS,ORD-352673
PAY100241,MER010,CUST3365,2026-08-15,08:35:26,12000,INR,NETBANKING,SUCCESS,ORD-655736
PAY100242,MER005,CUST7363,2026-08-08,12:13:21,100000,INR,UPI,SUCCESS,ORD-571635
PAY100243,MER003,CUST9775,2026-08-07,08:17:24,100000,INR,NETBANKING,SUCCESS,ORD-732209
PAY100244,MER003,CUST4082,2026-08-19,19:42:35,2500,INR,CARD,SUCCESS,ORD-319036
PAY100245,MER010,CUST1251,2026-08-07,11:47:07,25000,INR,UPI,SUCCESS,ORD-829417
PAY100246,MER007,CUST7498,2026-08-08,16:20:49,5000,INR,CARD,SUCCESS,ORD-588899
PAY100247,MER012,CUST6053,2026-08-09,13:32:56,25000,INR,CARD,SUCCESS,ORD-203398
PAY100248,MER011,CUST4328,2026-08-12,13:26:02,75000,INR,UPI,SUCCESS,ORD-877259
PAY100249,MER009,CUST7841,2026-08-10,10:12:21,2500,INR,CARD,SUCCESS,ORD-697467
PAY100250,MER016,CUST6530,2026-08-09,20:52:31,100000,INR,NETBANKING,SUCCESS,ORD-614426
PAY100251,MER006,CUST6770,2026-08-06,10:46:34,25000,INR,UPI,SUCCESS,ORD-668471
PAY100252,MER002,CUST9584,2026-08-02,21:54:04,100000,INR,UPI,SUCCESS,ORD-901467
PAY200252,MER002,CUST9584,2026-08-02,21:54:04,100000,INR,UPI,SUCCESS,ORD-901467
PAY100253,MER014,CUST3252,2026-08-21,11:04:45,1200,INR,UPI,SUCCESS,ORD-329344
PAY100254,MER012,CUST1990,2026-08-20,18:42:59,75000,INR,CARD,SUCCESS,ORD791309
PAY100255,MER001,CUST1108,2026-08-18,16:26:00,500,INR,NETBANKING,SUCCESS,ORD-857273
PAY100256,MER010,CUST1280,2026-08-17,21:44:43,12000,INR,UPI,SUCCESS,ORD-212214
PAY100257,MER017,CUST3439,2026-08-08,11:39:33,5000,INR,CARD,SUCCESS,ORD-380310
PAY100258,MER003,CUST7112,2026-08-13,15:36:15,2500,INR,CARD,SUCCESS,ORD-817269
PAY100259,MER002,CUST2531,2026-08-13,14:24:35,25000,INR,UPI,SUCCESS,ORD-767678
PAY100260,MER006,CUST2354,2026-08-16,21:27:41,8500,INR,NETBANKING,SUCCESS,ORD-999636
PAY100261,MER017,CUST1697,2026-08-08,11:57:55,75000,INR,CARD,SUCCESS,ORD-384263
PAY100262,MER003,CUST5593,2026-08-18,17:42:02,1200,INR,CARD,SUCCESS,ORD-116418
PAY100263,MER007,CUST3362,2026-08-13,09:19:10,75000,INR,UPI,SUCCESS,ORD-694223
PAY100264,MER018,CUST6435,2026-08-13,20:47:08,750,INR,NETBANKING,SUCCESS,ORD-881667
PAY100265,MER002,CUST2600,2026-08-14,11:53:04,8500,INR,NETBANKING,SUCCESS,ORD-906360
PAY100266,MER020,CUST7499,2026-08-11,08:40:17,25000,INR,CARD,SUCCESS,ORD-339220
PAY100267,MER012,CUST7150,2026-08-14,10:43:37,100000,INR,CARD,SUCCESS,ORD-189856
PAY100268,MER003,CUST2344,2026-08-09,10:24:45,100000,INR,UPI,SUCCESS,ORD-875584
PAY100269,MER011,CUST6909,2026-08-04,09:00:19,25000,INR,CARD,SUCCESS,ORD-898329
PAY100270,MER009,CUST2674,2026-08-05,09:11:27,25000,INR,NETBANKING,SUCCESS,ORD-681687
PAY100271,MER014,CUST2692,2026-08-01,09:22:35,750,INR,NETBANKING,SUCCESS,ORD-727094
PAY100272,MER013,CUST1202,2026-08-10,14:24:49,750,INR,NETBANKING,SUCCESS,ORD-686716
PAY100273,MER017,CUST3778,2026-08-13,10:08:17,5000,INR,CARD,SUCCESS,ORD-617077
PAY100274,MER003,CUST3739,2026-08-14,12:26:19,25000,INR,UPI,SUCCESS,ORD-478666
PAY100275,MER008,CUST9123,2026-08-20,17:12:29,750,INR,UPI,SUCCESS,ORD-419457
PAY100276,MER013,CUST6443,2026-08-20,14:51:55,8500,INR,CARD,SUCCESS,ORD-450996
PAY100277,MER020,CUST3230,2026-08-10,13:38:44,2500,INR,CARD,SUCCESS,ORD-429445
PAY100278,MER013,CUST6228,2026-08-10,19:44:40,25000,INR,NETBANKING,SUCCESS,ORD-919959
PAY100279,MER011,CUST7161,2026-08-09,21:50:25,8500,INR,UPI,SUCCESS,ORD-691240
PAY100280,MER018,CUST3947,2026-08-18,08:46:29,2500,INR,CARD,SUCCESS,ORD-936433
PAY100281,MER003,CUST7703,2026-08-16,10:40:19,2500,INR,CARD,SUCCESS,ORD-790658
PAY100282,MER014,CUST7176,2026-08-03,15:38:30,75000,INR,CARD,SUCCESS,ORD-660324
PAY100283,MER014,CUST9907,2026-08-02,20:23:44,50000,INR,NETBANKING,SUCCESS,ORD-769180
PAY100284,MER008,CUST6816,2026-08-06,18:39:02,75000,INR,NETBANKING,SUCCESS,ORD-810380
PAY100285,MER013,CUST6432,2026-08-14,09:00:06,5000,INR,UPI,SUCCESS,ORD-635482
PAY100286,MER012,CUST7408,2026-08-15,20:43:37,50000,INR,UPI,SUCCESS,ORD-461724
PAY100287,MER004,CUST5840,2026-08-14,09:07:53,1200,INR,CARD,SUCCESS,ORD-427040
PAY100288,MER015,CUST4389,2026-08-17,15:22:30,750,INR,CARD,SUCCESS,ORD-857065
PAY100289,MER011,CUST2100,2026-08-10,08:51:45,750,INR,UPI,SUCCESS,ORD-990429
PAY100290,MER004,CUST3692,2026-08-08,16:11:35,1200,INR,CARD,SUCCESS,ORD-687044
PAY100291,MER015,CUST4798,2026-08-13,18:11:11,100000,INR,NETBANKING,SUCCESS,ORD-553125
PAY100292,MER001,CUST4232,2026-08-15,17:27:24,500,INR,NETBANKING,SUCCESS,ORD-325230
PAY100293,MER009,CUST2025,2026-08-19,09:51:55,50000,INR,UPI,SUCCESS,ORD-483561
PAY100294,MER007,CUST8496,2026-08-04,12:42:55,25000,INR,NETBANKING,SUCCESS,ORD-770153
PAY200294,MER007,CUST8496,2026-08-04,12:42:55,25000,INR,NETBANKING,SUCCESS,ORD-770153
PAY100295,MER020,CUST7367,2026-08-20,14:37:07,8500,INR,CARD,SUCCESS,ORD-986589
PAY100296,MER020,CUST3826,2026-08-10,17:37:05,100000,INR,UPI,SUCCESS,ORD-428399
PAY100297,MER008,CUST6003,2026-08-04,10:23:44,1200,INR,NETBANKING,SUCCESS,ORD-507333
PAY200297,MER008,CUST6003,2026-08-04,10:23:44,1200,INR,NETBANKING,SUCCESS,ORD-507333
PAY100298,MER020,CUST3258,2026-08-19,14:27:11,25000,INR,NETBANKING,SUCCESS,ORD-663483
PAY100299,MER006,CUST3733,2026-08-16,12:08:11,8500,INR,CARD,SUCCESS,ORD-749498
PAY100300,MER012,CUST1157,2026-08-16,10:12:52,12000,INR,NETBANKING,SUCCESS,ORD-629990
PAY100301,MER016,CUST7703,2026-08-16,14:45:53,25000,INR,CARD,SUCCESS,ORD-275377
PAY100302,MER019,CUST1505,2026-08-08,12:02:17,2500,INR,NETBANKING,SUCCESS,ORD-402692
PAY100303,MER015,CUST9115,2026-08-18,16:07:36,750,INR,CARD,SUCCESS,ORD-912764
PAY100304,MER012,CUST9880,2026-08-02,20:46:28,50000,INR,UPI,SUCCESS,ORD-545807
PAY100305,MER008,CUST5877,2026-08-02,15:16:22,750,INR,CARD,SUCCESS,ORD-223088
PAY100306,MER007,CUST6744,2026-08-20,18:27:10,75000,INR,UPI,SUCCESS,ORD-922974
PAY100307,MER007,CUST1972,2026-08-19,13:34:17,75000,INR,NETBANKING,SUCCESS,ORD-276556
PAY100308,MER010,CUST5740,2026-08-19,12:54:32,100000,INR,UPI,SUCCESS,ORD-242175
PAY100309,MER009,CUST3078,2026-08-05,11:09:45,8500,INR,UPI,SUCCESS,ORD-898462
PAY100310,MER016,CUST3329,2026-08-19,18:17:40,12000,INR,CARD,SUCCESS,ORD-573947
PAY100311,MER003,CUST7600,2026-08-17,19:17:44,8500,INR,CARD,SUCCESS,ORD-611751
PAY100312,MER019,CUST1040,2026-08-03,19:29:40,100000,INR,NETBANKING,SUCCESS,ORD-475623
PAY100313,MER018,CUST7516,2026-08-07,14:52:13,25000,INR,CARD,SUCCESS,ORD-438548
PAY100314,MER011,CUST9967,2026-08-19,10:36:54,25000,INR,CARD,SUCCESS,ORD-815707
PAY100315,MER002,CUST2631,2026-08-21,20:53:29,500,INR,UPI,SUCCESS,ORD-999312
PAY100316,MER015,CUST1011,2026-08-14,11:44:58,1200,INR,NETBANKING,SUCCESS,ORD-416528
PAY100317,MER006,CUST5489,2026-08-03,18:23:16,750,INR,CARD,SUCCESS,ORD-796787
PAY100318,MER013,CUST6005,2026-08-08,14:41:05,750,INR,UPI,SUCCESS,ORD-323788
PAY100319,MER003,CUST3174,2026-08-19,11:33:43,25000,INR,UPI,SUCCESS,ORD-108454
PAY100320,MER004,CUST7919,2026-08-05,15:04:14,12000,INR,UPI,SUCCESS,ORD-866260
PAY100321,MER004,CUST6133,2026-08-12,12:08:24,1200,INR,NETBANKING,SUCCESS,ORD-810029
PAY100322,MER003,CUST9691,2026-08-19,08:39:41,1200,INR,CARD,SUCCESS,ORD-468247
PAY100323,MER005,CUST7745,2026-08-20,18:28:55,2500,INR,UPI,SUCCESS,ORD-205345
PAY200323,MER005,CUST7745,2026-08-20,18:28:55,2500,INR,UPI,SUCCESS,ORD-205345
PAY100324,MER004,CUST7291,2026-08-12,14:20:50,1200,INR,UPI,SUCCESS,ORD-390421
PAY100325,MER003,CUST5065,2026-08-18,17:38:46,75000,INR,CARD,SUCCESS,ORD-916808
PAY100326,MER010,CUST4366,2026-08-17,17:32:12,12000,INR,CARD,SUCCESS,ORD-777558
PAY100327,MER008,CUST9108,2026-08-13,09:15:31,100000,INR,NETBANKING,SUCCESS,ORD-174461
PAY100328,MER001,CUST6916,2026-08-11,10:24:55,75000,INR,CARD,SUCCESS,ORD-483162
PAY200328,MER001,CUST6916,2026-08-11,10:24:55,75000,INR,CARD,SUCCESS,ORD-483162
PAY100329,MER006,CUST8717,2026-08-03,08:37:04,500,INR,CARD,SUCCESS,ORD-326222
PAY100330,MER017,CUST5693,2026-08-21,19:32:49,12000,INR,CARD,SUCCESS,ORD-835901
PAY100331,MER018,CUST9808,2026-08-20,10:17:05,5000,INR,UPI,SUCCESS,ORD-636141
PAY100332,MER018,CUST6353,2026-08-13,17:40:48,100000,INR,NETBANKING,SUCCESS,ORD-774396
PAY100333,MER003,CUST6081,2026-08-14,19:54:15,500,INR,UPI,SUCCESS,ORD-190400
PAY100334,MER015,CUST1901,2026-08-10,18:47:42,1200,INR,UPI,SUCCESS,ORD-113280
PAY100335,MER001,CUST3684,2026-08-16,13:33:33,5000,INR,UPI,SUCCESS,ORD-489933
PAY100336,MER009,CUST2934,2026-08-01,13:51:27,5000,INR,NETBANKING,SUCCESS,ORD-166974
PAY100337,MER019,CUST2262,2026-08-16,15:32:23,500,INR,CARD,SUCCESS,ORD-694423
PAY100338,MER012,CUST3577,2026-08-09,20:06:57,75000,INR,NETBANKING,SUCCESS,ORD-857888
PAY100339,MER008,CUST9336,2026-08-01,08:54:55,500,INR,UPI,SUCCESS,ORD-148215
PAY100340,MER012,CUST7274,2026-08-05,10:59:54,500,INR,NETBANKING,SUCCESS,ORD-942127
PAY100341,MER014,CUST4678,2026-08-11,11:26:58,8500,INR,CARD,SUCCESS,ORD-966120
PAY100342,MER019,CUST7108,2026-08-04,16:43:57,500,INR,UPI,SUCCESS,ORD-334026
PAY100343,MER002,CUST7568,2026-08-03,15:55:18,5000,INR,CARD,SUCCESS,ORD-190581
PAY100344,MER015,CUST1130,2026-08-12,11:18:36,5000,INR,NETBANKING,SUCCESS,ORD-752966
PAY100345,MER012,CUST9083,2026-08-07,19:57:34,2500,INR,UPI,SUCCESS,ORD-106687
PAY100346,MER008,CUST9872,2026-08-12,18:53:44,500,INR,CARD,SUCCESS,ORD-101533
PAY100347,MER004,CUST4361,2026-08-17,11:26:31,500,INR,UPI,SUCCESS,ORD-846221
PAY200347,MER004,CUST4361,2026-08-17,11:26:31,500,INR,UPI,SUCCESS,ORD-846221
PAY100348,MER003,CUST1719,2026-08-08,21:33:26,8500,INR,CARD,SUCCESS,ORD-884229
PAY100349,MER019,CUST2565,2026-08-17,10:40:52,12000,INR,UPI,SUCCESS,ORD-720647
PAY100350,MER002,CUST8126,2026-08-05,11:18:16,8500,INR,CARD,SUCCESS,ORD-834764
PAY100351,MER011,CUST8417,2026-08-09,11:04:12,1200,INR,NETBANKING,SUCCESS,ORD-214266
PAY100352,MER004,CUST3693,2026-08-15,15:20:26,750,INR,NETBANKING,SUCCESS,ORD-475691
PAY100353,MER015,CUST6051,2026-08-15,12:54:07,750,INR,UPI,SUCCESS,ORD-946826
PAY100354,MER020,CUST1660,2026-08-07,21:54:20,1200,INR,UPI,SUCCESS,ORD-845702
PAY100355,MER012,CUST7492,2026-08-17,08:43:19,5000,INR,UPI,SUCCESS,ORD-132591
PAY100356,MER013,CUST8408,2026-08-18,19:35:15,750,INR,CARD,SUCCESS,ORD-206857
PAY200356,MER013,CUST8408,2026-08-18,19:35:15,750,INR,CARD,SUCCESS,ORD-206857
PAY100357,MER004,CUST1195,2026-08-02,21:49:14,1200,INR,UPI,SUCCESS,ORD-963684
PAY100358,MER012,CUST2376,2026-08-19,17:16:58,750,INR,UPI,SUCCESS,ORD-167603
PAY100359,MER015,CUST3110,2026-08-03,21:53:51,8500,INR,UPI,SUCCESS,ORD-144770
PAY100360,MER002,CUST3752,2026-08-19,14:52:46,12000,INR,CARD,SUCCESS,ORD-130914
PAY100361,MER014,CUST3831,2026-08-12,11:58:11,5000,INR,CARD,SUCCESS,ORD-567676
PAY100362,MER002,CUST5026,2026-08-21,12:31:26,50000,INR,CARD,SUCCESS,ORD-163941
PAY100363,MER009,CUST7275,2026-08-05,14:12:41,50000,INR,UPI,SUCCESS,ORD-761393
PAY100364,MER012,CUST8859,2026-08-18,20:31:22,75000,INR,NETBANKING,SUCCESS,ORD-437226
PAY100365,MER009,CUST3946,2026-08-01,13:38:14,500,INR,CARD,SUCCESS,ORD161437
PAY100366,MER017,CUST6856,2026-08-19,11:10:06,2500,INR,NETBANKING,SUCCESS,ORD-352867
PAY100367,MER002,CUST4594,2026-08-19,21:51:24,8500,INR,UPI,SUCCESS,ORD-284654
PAY100368,MER019,CUST6210,2026-08-12,17:01:45,8500,INR,NETBANKING,SUCCESS,ORD-690984
PAY100369,MER019,CUST4084,2026-08-16,16:19:11,25000,INR,UPI,SUCCESS,ORD-194641
PAY100370,MER020,CUST4584,2026-08-01,16:30:00,8500,INR,NETBANKING,SUCCESS,ORD-311250
PAY100371,MER011,CUST3907,2026-08-11,08:01:09,75000,INR,NETBANKING,SUCCESS,ORD-248533
PAY100372,MER017,CUST6978,2026-08-03,13:45:42,12000,INR,NETBANKING,SUCCESS,ORD-205939
PAY100373,MER011,CUST3235,2026-08-06,19:27:50,100000,INR,CARD,SUCCESS,ORD-780714
PAY100374,MER006,CUST6846,2026-08-08,18:37:52,1200,INR,CARD,SUCCESS,ORD-421727
PAY100375,MER010,CUST3086,2026-08-06,19:00:44,75000,INR,CARD,SUCCESS,ORD-992083
PAY100376,MER002,CUST3983,2026-08-20,13:58:51,75000,INR,UPI,SUCCESS,ORD-770718
PAY100377,MER004,CUST9129,2026-08-05,13:47:04,2500,INR,CARD,SUCCESS,ORD-435039
PAY100378,MER003,CUST6500,2026-08-15,08:16:13,2500,INR,NETBANKING,SUCCESS,ORD-171087
PAY100379,MER009,CUST2770,2026-08-01,08:24:28,12000,INR,UPI,SUCCESS,ORD-534130
PAY100380,MER013,CUST6754,2026-08-18,14:06:53,25000,INR,NETBANKING,SUCCESS,ORD-782591
PAY100381,MER006,CUST8393,2026-08-03,20:54:02,5000,INR,UPI,SUCCESS,ORD-434198
PAY100382,MER004,CUST2215,2026-08-11,10:56:24,1200,INR,NETBANKING,SUCCESS,ORD-178645
PAY100383,MER011,CUST8909,2026-08-01,14:41:10,75000,INR,CARD,SUCCESS,ORD-264735
PAY100384,MER004,CUST6424,2026-08-07,11:26:44,50000,INR,NETBANKING,SUCCESS,ORD-865433
PAY100385,MER009,CUST5612,2026-08-10,11:06:03,12000,INR,NETBANKING,SUCCESS,ORD-676363
PAY100386,MER005,CUST1893,2026-08-12,08:27:05,5000,INR,NETBANKING,SUCCESS,ORD-755455
PAY100387,MER016,CUST4271,2026-08-04,08:13:10,100000,INR,CARD,SUCCESS,ORD-185916
PAY100388,MER010,CUST7512,2026-08-16,15:57:42,5000,INR,UPI,SUCCESS,ORD-773045
PAY100389,MER013,CUST4029,2026-08-12,14:23:11,25000,INR,UPI,SUCCESS,ORD-376085
PAY100390,MER015,CUST5315,2026-08-08,21:17:36,500,INR,UPI,SUCCESS,ORD-888775
PAY100391,MER003,CUST6632,2026-08-18,14:48:37,2500,INR,NETBANKING,SUCCESS,ORD-163946
PAY100392,MER017,CUST7858,2026-08-18,18:55:59,25000,INR,NETBANKING,SUCCESS,ORD-347088
PAY100393,MER003,CUST7468,2026-08-02,16:36:57,50000,INR,NETBANKING,SUCCESS,ORD-810446
PAY100394,MER005,CUST2970,2026-08-15,10:10:13,2500,INR,UPI,SUCCESS,ORD-144748
PAY100395,MER014,CUST2283,2026-08-14,11:52:40,1200,INR,NETBANKING,SUCCESS,ORD370413
PAY100396,MER003,CUST2425,2026-08-13,16:25:35,8500,INR,CARD,SUCCESS,ORD-644932
PAY100397,MER020,CUST9561,2026-08-14,09:26:09,1200,INR,NETBANKING,SUCCESS,ORD-716493
PAY100398,MER004,CUST2730,2026-08-19,20:06:50,5000,INR,NETBANKING,SUCCESS,ORD-460572
PAY100399,MER009,CUST7275,2026-08-21,15:36:38,25000,INR,UPI,SUCCESS,ORD-280564
PAY200399,MER009,CUST7275,2026-08-21,15:36:38,25000,INR,UPI,SUCCESS,ORD-280564
PAY100400,MER013,CUST3356,2026-08-20,17:43:44,12000,INR,UPI,SUCCESS,ORD-515018
PAY100401,MER002,CUST8785,2026-08-09,13:01:21,5000,INR,CARD,SUCCESS,ORD-393964
PAY100402,MER004,CUST4734,2026-08-05,12:47:28,8500,INR,CARD,SUCCESS,ORD-864201
PAY100403,MER003,CUST4079,2026-08-15,11:58:52,12000,INR,NETBANKING,SUCCESS,ORD-607993
PAY100404,MER012,CUST1920,2026-08-17,20:10:04,5000,INR,NETBANKING,SUCCESS,ORD-631413
PAY100405,MER017,CUST1474,2026-08-06,11:56:53,2500,INR,UPI,SUCCESS,ORD-361609
PAY100406,MER015,CUST1828,2026-08-12,19:12:17,8500,INR,CARD,SUCCESS,ORD-629663
PAY100407,MER004,CUST1500,2026-08-08,13:31:38,25000,INR,UPI,SUCCESS,ORD-597635
PAY100408,MER018,CUST6730,2026-08-12,10:53:57,5000,INR,NETBANKING,SUCCESS,ORD-971230
PAY100409,MER010,CUST1449,2026-08-13,08:10:54,75000,INR,UPI,SUCCESS,ORD-998746
PAY100410,MER008,CUST4387,2026-08-09,18:26:32,500,INR,NETBANKING,SUCCESS,ORD-109330
PAY100411,MER005,CUST3837,2026-08-20,20:00:14,5000,INR,NETBANKING,SUCCESS,ORD-944193
PAY100412,MER009,CUST7943,2026-08-13,21:22:29,5000,INR,UPI,SUCCESS,ORD-589368
PAY100413,MER020,CUST7506,2026-08-19,09:00:32,100000,INR,CARD,SUCCESS,ORD-688730
PAY100414,MER020,CUST5631,2026-08-10,18:06:30,750,INR,CARD,SUCCESS,ORD-389913
PAY100415,MER009,CUST5278,2026-08-21,19:57:41,5000,INR,UPI,SUCCESS,ORD-257212
PAY100416,MER002,CUST7620,2026-08-11,18:08:46,500,INR,NETBANKING,SUCCESS,ORD-621533
PAY100417,MER009,CUST7857,2026-08-13,14:47:02,75000,INR,NETBANKING,SUCCESS,ORD-699829
PAY100418,MER008,CUST9759,2026-08-21,20:30:58,100000,INR,CARD,SUCCESS,ORD-631958
PAY100419,MER018,CUST3967,2026-08-10,09:30:08,5000,INR,NETBANKING,SUCCESS,ORD-947609
PAY100420,MER006,CUST6499,2026-08-21,09:14:22,2500,INR,NETBANKING,SUCCESS,ORD-422002
PAY100421,MER014,CUST6428,2026-08-12,12:37:18,25000,INR,UPI,SUCCESS,ORD-593393
PAY100422,MER019,CUST2166,2026-08-16,11:32:07,100000,INR,CARD,SUCCESS,ORD-655575
PAY100423,MER002,CUST3470,2026-08-05,11:21:26,75000,INR,CARD,SUCCESS,ORD-250181
PAY100424,MER006,CUST2324,2026-08-16,13:40:11,8500,INR,NETBANKING,SUCCESS,ORD-160831
PAY100425,MER015,CUST5481,2026-08-07,20:49:10,75000,INR,UPI,SUCCESS,ORD-613358
PAY100426,MER005,CUST8105,2026-08-21,14:25:27,25000,INR,CARD,SUCCESS,ORD-104895
PAY100427,MER018,CUST4267,2026-08-12,08:57:20,50000,INR,UPI,SUCCESS,ORD-118786
PAY100428,MER008,CUST4707,2026-08-12,12:08:06,12000,INR,NETBANKING,SUCCESS,ORD-717265
PAY100429,MER006,CUST2069,2026-08-02,12:18:29,50000,INR,NETBANKING,SUCCESS,ORD-649577
PAY100430,MER005,CUST6615,2026-08-16,13:48:12,1200,INR,CARD,SUCCESS,ORD-120053
PAY100431,MER005,CUST4460,2026-08-01,17:32:10,750,INR,CARD,SUCCESS,ORD-845652
PAY200431,MER005,CUST4460,2026-08-01,17:32:10,750,INR,CARD,SUCCESS,ORD-845652
PAY100432,MER002,CUST7147,2026-08-21,12:49:34,75000,INR,UPI,SUCCESS,ORD-722774
PAY100433,MER004,CUST1323,2026-08-02,19:07:26,25000,INR,CARD,SUCCESS,ORD-229598
PAY100434,MER009,CUST8772,2026-08-05,11:44:43,100000,INR,UPI,SUCCESS,ORD-415743
PAY100435,MER004,CUST9524,2026-08-09,17:38:44,1200,INR,CARD,SUCCESS,ORD-971002
PAY100436,MER017,CUST2928,2026-08-10,09:50:06,25000,INR,UPI,SUCCESS,ORD-738584
PAY100437,MER009,CUST9571,2026-08-07,13:45:26,5000,INR,UPI,SUCCESS,ORD-141319
PAY100438,MER016,CUST4402,2026-08-16,13:15:00,500,INR,NETBANKING,SUCCESS,ORD-193326
PAY100439,MER019,CUST9095,2026-08-05,09:49:32,750,INR,NETBANKING,SUCCESS,ORD-858724
PAY100440,MER009,CUST4787,2026-08-15,12:16:29,500,INR,UPI,SUCCESS,ORD-952679
PAY100441,MER002,CUST5760,2026-08-12,20:43:20,12000,INR,NETBANKING,SUCCESS,ORD-221531
PAY200441,MER002,CUST5760,2026-08-12,20:43:20,12000,INR,NETBANKING,SUCCESS,ORD-221531
PAY100442,MER002,CUST1158,2026-08-05,18:41:10,8500,INR,CARD,SUCCESS,ORD-558976
PAY100443,MER009,CUST2522,2026-08-12,21:21:11,750,INR,CARD,SUCCESS,ORD-519692
PAY100444,MER013,CUST8835,2026-08-14,18:56:51,1200,INR,UPI,SUCCESS,ORD-238948
PAY100445,MER006,CUST2699,2026-08-14,17:30:51,75000,INR,NETBANKING,SUCCESS,ORD-559447
PAY200445,MER006,CUST2699,2026-08-14,17:30:51,75000,INR,NETBANKING,SUCCESS,ORD-559447
PAY100446,MER020,CUST7221,2026-08-12,17:01:55,100000,INR,NETBANKING,SUCCESS,ORD-237002
PAY100447,MER016,CUST2850,2026-08-14,15:02:04,5000,INR,NETBANKING,SUCCESS,ORD-429502
PAY100448,MER017,CUST4669,2026-08-11,16:33:44,75000,INR,UPI,SUCCESS,ORD-553873
PAY100449,MER008,CUST8895,2026-08-12,18:43:41,12000,INR,UPI,SUCCESS,ORD-979789
PAY100450,MER002,CUST1190,2026-08-21,10:32:54,25000,INR,CARD,SUCCESS,ORD273438
PAY100451,MER016,CUST6253,2026-08-08,13:17:03,50000,INR,UPI,SUCCESS,ORD-677236
PAY100452,MER013,CUST7607,2026-08-08,09:29:28,75000,INR,CARD,SUCCESS,ORD-192295
PAY100453,MER016,CUST8324,2026-08-11,09:31:47,100000,INR,UPI,SUCCESS,ORD-207629
PAY100454,MER014,CUST1587,2026-08-18,16:00:52,750,INR,NETBANKING,SUCCESS,ORD-749137
PAY100455,MER010,CUST9328,2026-08-18,11:41:42,25000,INR,CARD,SUCCESS,ORD-480992
PAY100456,MER015,CUST6439,2026-08-18,20:39:38,25000,INR,NETBANKING,SUCCESS,ORD-789089
PAY100457,MER015,CUST2868,2026-08-04,20:42:14,500,INR,CARD,SUCCESS,ORD-472390
PAY100458,MER017,CUST7125,2026-08-04,08:57:10,25000,INR,UPI,SUCCESS,ORD-961760
PAY100459,MER004,CUST5166,2026-08-20,11:12:07,12000,INR,UPI,SUCCESS,ORD-579247
PAY100460,MER011,CUST2765,2026-08-14,08:59:40,100000,INR,NETBANKING,SUCCESS,ORD-229204
PAY200460,MER011,CUST2765,2026-08-14,08:59:40,100000,INR,NETBANKING,SUCCESS,ORD-229204
PAY100461,MER015,CUST9260,2026-08-05,15:00:33,500,INR,NETBANKING,SUCCESS,ORD-553834
PAY100462,MER019,CUST8912,2026-08-17,20:58:58,1200,INR,NETBANKING,SUCCESS,ORD-706658
PAY100463,MER005,CUST2696,2026-08-13,18:38:38,8500,INR,NETBANKING,SUCCESS,ORD-503348
PAY100464,MER008,CUST5482,2026-08-13,13:18:28,1200,INR,UPI,SUCCESS,ORD-532794
PAY200464,MER008,CUST5482,2026-08-13,13:18:28,1200,INR,UPI,SUCCESS,ORD-532794
PAY100465,MER017,CUST5897,2026-08-18,21:20:45,50000,INR,NETBANKING,SUCCESS,ORD-327900
PAY100466,MER007,CUST5760,2026-08-12,18:08:45,100000,INR,UPI,SUCCESS,ORD-628370
PAY100467,MER012,CUST8870,2026-08-19,17:42:45,12000,INR,NETBANKING,SUCCESS,ORD-884197
PAY100468,MER010,CUST7920,2026-08-01,16:06:01,12000,INR,UPI,SUCCESS,ORD-155642
PAY100469,MER002,CUST4275,2026-08-09,20:50:10,5000,INR,NETBANKING,SUCCESS,ORD-362732
PAY100470,MER002,CUST5835,2026-08-07,20:34:02,8500,INR,CARD,SUCCESS,ORD-207458
PAY100471,MER008,CUST7371,2026-08-08,16:50:50,5000,INR,NETBANKING,SUCCESS,ORD-796772
PAY100472,MER013,CUST7349,2026-08-14,20:43:20,50000,INR,UPI,SUCCESS,ORD-113595
PAY100473,MER020,CUST8259,2026-08-08,18:45:45,100000,INR,CARD,SUCCESS,ORD-891787
PAY100474,MER018,CUST4218,2026-08-07,12:28:11,100000,INR,UPI,SUCCESS,ORD-296059
PAY100475,MER017,CUST2955,2026-08-13,08:27:17,50000,INR,CARD,SUCCESS,ORD-236384
PAY100476,MER019,CUST5178,2026-08-01,13:29:45,1200,INR,UPI,SUCCESS,ORD-261169
PAY100477,MER020,CUST1833,2026-08-21,17:53:42,5000,INR,CARD,SUCCESS,ORD-928278
PAY100478,MER011,CUST9608,2026-08-08,10:33:04,50000,INR,UPI,SUCCESS,ORD-536135
PAY100479,MER018,CUST7609,2026-08-03,13:14:56,2500,INR,NETBANKING,SUCCESS,ORD-448005
PAY100480,MER012,CUST5809,2026-08-07,20:39:33,25000,INR,NETBANKING,SUCCESS,ORD-963699
PAY100481,MER001,CUST2879,2026-08-12,15:15:57,100000,INR,NETBANKING,SUCCESS,ORD-751303
PAY100482,MER002,CUST6258,2026-08-13,20:07:24,5000,INR,NETBANKING,SUCCESS,ORD-859143
PAY100483,MER001,CUST9468,2026-08-12,16:51:32,25000,INR,CARD,SUCCESS,ORD-145981
PAY100484,MER007,CUST6248,2026-08-17,09:06:10,50000,INR,NETBANKING,SUCCESS,ORD-107686
PAY100485,MER003,CUST4453,2026-08-21,20:13:55,100000,INR,CARD,SUCCESS,ORD-976258
PAY100486,MER018,CUST8130,2026-08-21,21:04:47,100000,INR,UPI,SUCCESS,ORD-124906
PAY100487,MER011,CUST1620,2026-08-03,09:03:11,5000,INR,NETBANKING,SUCCESS,ORD-173863
PAY100488,MER008,CUST5237,2026-08-14,14:28:40,12000,INR,CARD,SUCCESS,ORD-431773
PAY100489,MER004,CUST9762,2026-08-01,18:46:39,750,INR,NETBANKING,SUCCESS,ORD-714054
PAY100490,MER017,CUST2738,2026-08-10,20:43:19,75000,INR,UPI,SUCCESS,ORD-395192
PAY100491,MER013,CUST7473,2026-08-01,15:10:34,2500,INR,UPI,SUCCESS,ORD-883028
PAY100492,MER018,CUST5832,2026-08-21,10:19:43,100000,INR,CARD,SUCCESS,ORD-111691
PAY100493,MER018,CUST3316,2026-08-04,08:00:36,75000,INR,CARD,SUCCESS,ORD-663244
PAY100494,MER003,CUST5992,2026-08-07,19:47:57,8500,INR,UPI,SUCCESS,ORD-532699
PAY100495,MER017,CUST3333,2026-08-06,10:14:39,5000,INR,UPI,SUCCESS,ORD-220190
PAY100496,MER019,CUST1891,2026-08-18,15:41:35,750,INR,CARD,SUCCESS,ORD-804313
PAY100497,MER009,CUST2608,2026-08-07,19:37:31,8500,INR,CARD,SUCCESS,ORD-234443
PAY100498,MER008,CUST2639,2026-08-10,17:04:57,2500,INR,CARD,SUCCESS,ORD-609462
PAY100499,MER011,CUST6008,2026-08-19,10:36:36,8500,INR,CARD,SUCCESS,ORD-549112
PAY100500,MER001,CUST6131,2026-08-08,20:14:45,100000,INR,CARD,SUCCESS,ORD-390119
