payment_id,status,reason,confidence,state,payment_evidence,settlement_evidence,bank_evidence,match_method,settlement_id,bank_transaction_id,expected_net_amount,recorded_settlement_amount,bank_credit_amount,human_review_required,human_review_reason
PAY100001,MATCHED,"Payment, settlement, and bank records reconcile within configured rules.",0.99,FINAL,AVAILABLE,FOUND,FOUND,PAYMENT_ID,SET500001,BANK900001,8349.55,8349.55,8349.55,False,
PAY100002,EXCEPTION,Settlement exists but bank credit was not found.,0.95,FINAL,AVAILABLE,FOUND,NOT_FOUND,PAYMENT_ID,SET500002,,11858.4,11858.4,,False,
PAY100003,MATCHED,"Payment, settlement, and bank records reconcile within configured rules.",0.99,FINAL,AVAILABLE,FOUND,FOUND,PAYMENT_ID,SET500003,BANK900003,8399.7,8399.7,8399.7,False,
PAY100004,MATCHED,"Payment, settlement, and bank records reconcile within configured rules.",0.99,FINAL,AVAILABLE,FOUND,FOUND,PAYMENT_ID,SET500004,BANK900004,8349.55,8349.55,8349.55,False,
PAY100005,MATCHED,"Payment, settlement, and bank records reconcile within configured rules.",0.99,FINAL,AVAILABLE,FOUND,FOUND,PAYMENT_ID,SET500005,BANK900005,98820.0,98820.0,98820.0,False,
PAY100006,MATCHED,"Payment, settlement, and bank records reconcile within configured rules.",0.99,FINAL,AVAILABLE,FOUND,FOUND,PAYMENT_ID,SET500006,BANK900006,4911.5,4911.5,4911.5,False,
PAY100007,EXCEPTION,"Settlement amount mismatch. Expected ₹2470.50, recorded ₹2370.50.",0.9,FINAL,AVAILABLE,FOUND,FOUND,PAYMENT_ID,SET500007,BANK900007,2470.5,2370.5,2370.5,False,
PAY100008,MATCHED,"Payment, settlement, and bank records reconcile within configured rules.",0.99,FINAL,AVAILABLE,FOUND,FOUND,PAYMENT_ID,SET500008,BANK900008,8399.7,8399.7,8399.7,False,
PAY100009,MATCHED,"Payment, settlement, and bank records reconcile within configured rules.",0.99,FINAL,AVAILABLE,FOUND,FOUND,PAYMENT_ID,SET500009,BANK900009,2455.75,2455.75,2455.75,False,
PAY100010,EXCEPTION,"Settlement amount mismatch. Expected ₹11787.60, recorded ₹11687.60.",0.9,FINAL,AVAILABLE,FOUND,FOUND,PAYMENT_ID,SET500010,BANK900010,11787.6,11687.6,11687.6,False,
PAY100011,EXCEPTION,Settlement exists but bank credit was not found.,0.95,FINAL,AVAILABLE,FOUND,NOT_FOUND,PAYMENT_ID,SET500011,,49115.0,49115.0,,False,
PAY100012,EXCEPTION,Duplicate payment record detected.,0.99,FINAL,AVAILABLE,UNKNOWN,UNKNOWN,DUPLICATE_DETECTION,,,,,,False,
PAY200012,EXCEPTION,Duplicate payment record detected.,0.99,FINAL,AVAILABLE,UNKNOWN,UNKNOWN,DUPLICATE_DETECTION,,,,,,False,
PAY100013,MATCHED,"Payment, settlement, and bank records reconcile within configured rules.",0.99,FINAL,AVAILABLE,FOUND,FOUND,PAYMENT_ID,SET500013,BANK900013,49115.0,49115.0,49115.0,False,
PAY100014,MATCHED,"Payment, settlement, and bank records reconcile within configured rules.",0.99,FINAL,AVAILABLE,FOUND,FOUND,PAYMENT_ID,SET500014,BANK900014,2470.5,2470.5,2470.5,False,
PAY100015,EXCEPTION,"Settlement amount mismatch. Expected ₹4941.00, recorded ₹3941.00.",0.9,FINAL,AVAILABLE,FOUND,FOUND,PAYMENT_ID,SET500015,BANK900015,4941.0,3941.0,3941.0,False,
PAY100016,MATCHED,"Payment, settlement, and bank records reconcile within configured rules.",0.99,FINAL,AVAILABLE,FOUND,FOUND,PAYMENT_ID,SET500016,BANK900016,1185.84,1185.84,1185.84,False,
PAY100017,EXCEPTION,No corresponding settlement record was found for the payment.,0.98,FINAL,AVAILABLE,NOT_FOUND,UNKNOWN,NO_SETTLEMENT,,,,,,False,
PAY100018,MATCHED,"Payment, settlement, and bank records reconcile within configured rules.",0.99,FINAL,AVAILABLE,FOUND,FOUND,PAYMENT_ID,SET500018,BANK900018,8349.55,8349.55,8349.55,False,
PAY100019,MATCHED,"Payment, settlement, and bank records reconcile within configured rules.",0.99,FINAL,AVAILABLE,FOUND,FOUND,PAYMENT_ID,SET500019,BANK900019,2455.75,2455.75,2455.75,False,
PAY100020,MATCHED,"Payment, settlement, and bank records reconcile within configured rules.",0.99,FINAL,AVAILABLE,FOUND,FOUND,PAYMENT_ID,SET500020,BANK900020,98230.0,98230.0,98230.0,False,
PAY100021,EXCEPTION,"Partial settlement detected. Expected ₹11858.40, received ₹7115.04.",0.98,FINAL,AVAILABLE,FOUND,FOUND,PAYMENT_ID,SET500021,BANK900021,11858.4,7115.04,7115.04,False,
PAY100022,EXCEPTION,"Settlement amount mismatch. Expected ₹491.15, recorded ₹341.15.",0.9,FINAL,AVAILABLE,FOUND,FOUND,PAYMENT_ID,SET500022,BANK900022,491.15,341.15,341.15,False,
PAY100023,MATCHED,"Payment, settlement, and bank records reconcile within configured rules.",0.99,FINAL,AVAILABLE,FOUND,FOUND,PAYMENT_ID,SET500023,BANK900023,4911.5,4911.5,4911.5,False,
PAY100024,EXCEPTION,Settlement exists but bank credit was not found.,0.95,FINAL,AVAILABLE,FOUND,NOT_FOUND,PAYMENT_ID,SET500024,,98820.0,98820.0,,False,
PAY100025,MATCHED,"Payment, settlement, and bank records reconcile within configured rules.",0.99,FINAL,AVAILABLE,FOUND,FOUND,PAYMENT_ID,SET500025,BANK900025,74115.0,74115.0,74115.0,False,
PAY100026,EXCEPTION,Settlement occurred outside the configured settlement window.,0.97,FINAL,AVAILABLE,FOUND,FOUND,PAYMENT_ID,SET500026,BANK900026,4911.5,4911.5,4911.5,False,
PAY100027,MATCHED,"Payment, settlement, and bank records reconcile within configured rules.",0.99,FINAL,AVAILABLE,FOUND,FOUND,PAYMENT_ID,SET500027,BANK900027,74115.0,74115.0,74115.0,False,
PAY100028,MATCHED,"Payment, settlement, and bank records reconcile within configured rules.",0.99,FINAL,AVAILABLE,FOUND,FOUND,PAYMENT_ID,SET500028,BANK900028,2470.5,2470.5,2470.5,False,
PAY100029,MATCHED,"Payment, settlement, and bank records reconcile within configured rules.",0.99,FINAL,AVAILABLE,FOUND,FOUND,PAYMENT_ID,SET500029,BANK900029,49115.0,49115.0,49115.0,False,
PAY100030,MATCHED,"Payment, settlement, and bank records reconcile within configured rules.",0.99,FINAL,AVAILABLE,FOUND,FOUND,PAYMENT_ID,SET500030,BANK900030,11787.6,11787.6,11787.6,False,
PAY100031,MATCHED,"Payment, settlement, and bank records reconcile within configured rules.",0.99,FINAL,AVAILABLE,FOUND,FOUND,PAYMENT_ID,SET500031,BANK900031,49410.0,49410.0,49410.0,False,
PAY100032,MATCHED,"Payment, settlement, and bank records reconcile within configured rules.",0.99,FINAL,AVAILABLE,FOUND,FOUND,PAYMENT_ID,SET500032,BANK900032,73672.5,73672.5,73672.5,False,
PAY100033,MATCHED,"Payment, settlement, and bank records reconcile within configured rules.",0.99,FINAL,AVAILABLE,FOUND,FOUND,PAYMENT_ID,SET500033,BANK900033,74115.0,74115.0,74115.0,False,
PAY100034,MATCHED,"Payment, settlement, and bank records reconcile within configured rules.",0.99,FINAL,AVAILABLE,FOUND,FOUND,PAYMENT_ID,SET500034,BANK900034,24705.0,24705.0,24705.0,False,
PAY100035,MATCHED,"Payment, settlement, and bank records reconcile within configured rules.",0.99,FINAL,AVAILABLE,FOUND,FOUND,PAYMENT_ID,SET500035,BANK900035,49410.0,49410.0,49410.0,False,
PAY100036,MATCHED,"Payment, settlement, and bank records reconcile within configured rules.",0.99,FINAL,AVAILABLE,FOUND,FOUND,PAYMENT_ID,SET500036,BANK900036,2470.5,2470.5,2470.5,False,
PAY100037,EXCEPTION,Duplicate payment record detected.,0.99,FINAL,AVAILABLE,UNKNOWN,UNKNOWN,DUPLICATE_DETECTION,,,,,,False,
PAY200037,EXCEPTION,Duplicate payment record detected.,0.99,FINAL,AVAILABLE,UNKNOWN,UNKNOWN,DUPLICATE_DETECTION,,,,,,False,
PAY100038,MATCHED,"Payment, settlement, and bank records reconcile within configured rules.",0.99,FINAL,AVAILABLE,FOUND,FOUND,PAYMENT_ID,SET500038,BANK900038,11858.4,11858.4,11858.4,False,
PAY100039,MATCHED,"Payment, settlement, and bank records reconcile within configured rules.",0.99,FINAL,AVAILABLE,FOUND,FOUND,PAYMENT_ID,SET500039,BANK900039,741.15,741.15,741.15,False,
PAY100040,MATCHED,"Payment, settlement, and bank records reconcile within configured rules.",0.99,FINAL,AVAILABLE,FOUND,FOUND,PAYMENT_ID,SET500040,BANK900040,24557.5,24557.5,24557.5,False,
PAY100041,EXCEPTION,No corresponding settlement record was found for the payment.,0.98,FINAL,AVAILABLE,NOT_FOUND,UNKNOWN,NO_SETTLEMENT,,,,,,False,
PAY100042,MATCHED,"Payment, settlement, and bank records reconcile within configured rules.",0.99,FINAL,AVAILABLE,FOUND,FOUND,PAYMENT_ID,SET500042,BANK900042,49115.0,49115.0,49115.0,False,
PAY100043,MATCHED,"Payment, settlement, and bank records reconcile within configured rules.",0.99,FINAL,AVAILABLE,FOUND,FOUND,PAYMENT_ID,SET500043,BANK900043,24557.5,24557.5,24557.5,False,
PAY100044,MATCHED,"Payment, settlement, and bank records reconcile within configured rules.",0.99,FINAL,AVAILABLE,FOUND,FOUND,PAYMENT_ID,SET500044,BANK900044,11787.6,11787.6,11787.6,False,
PAY100045,EXCEPTION,Settlement exists but bank credit was not found.,0.95,FINAL,AVAILABLE,FOUND,NOT_FOUND,PAYMENT_ID,SET500045,,741.15,741.15,,False,
PAY100046,MATCHED,"Payment, settlement, and bank records reconcile within configured rules.",0.99,FINAL,AVAILABLE,FOUND,FOUND,PAYMENT_ID,SET500046,BANK900046,2470.5,2470.5,2470.5,False,
PAY100047,MATCHED,"Payment, settlement, and bank records reconcile within configured rules.",0.99,FINAL,AVAILABLE,FOUND,FOUND,PAYMENT_ID,SET500047,BANK900047,74115.0,74115.0,74115.0,False,
PAY100048,EXCEPTION,"Settlement amount mismatch. Expected ₹2470.50, recorded ₹2420.50.",0.9,FINAL,AVAILABLE,FOUND,FOUND,PAYMENT_ID,SET500048,BANK900048,2470.5,2420.5,2420.5,False,
PAY100049,MATCHED,"Payment, settlement, and bank records reconcile within configured rules.",0.99,FINAL,AVAILABLE,FOUND,FOUND,PAYMENT_ID,SET500049,BANK900049,4941.0,4941.0,4941.0,False,
PAY100050,MATCHED,"Payment, settlement, and bank records reconcile within configured rules.",0.99,FINAL,AVAILABLE,FOUND,FOUND,PAYMENT_ID,SET500050,BANK900050,4941.0,4941.0,4941.0,False,
PAY100051,MATCHED,"Payment, settlement, and bank records reconcile within configured rules.",0.99,FINAL,AVAILABLE,FOUND,FOUND,PAYMENT_ID,SET500051,BANK900051,1178.76,1178.76,1178.76,False,
PAY100052,MATCHED,"Payment, settlement, and bank records reconcile within configured rules.",0.99,FINAL,AVAILABLE,FOUND,FOUND,PAYMENT_ID,SET500052,BANK900052,73672.5,73672.5,73672.5,False,
PAY100053,EXCEPTION,"Partial settlement detected. Expected ₹24557.50, received ₹14734.50.",0.98,FINAL,AVAILABLE,FOUND,FOUND,PAYMENT_ID,SET500053,BANK900053,24557.5,14734.5,14734.5,False,
PAY100054,EXCEPTION,"Settlement amount mismatch. Expected ₹2470.50, recorded ₹2420.50.",0.9,FINAL,AVAILABLE,FOUND,FOUND,PAYMENT_ID,SET500054,BANK900054,2470.5,2420.5,2420.5,False,
PAY100055,MATCHED,"Payment, settlement, and bank records reconcile within configured rules.",0.99,FINAL,AVAILABLE,FOUND,FOUND,PAYMENT_ID,SET500055,BANK900055,24557.5,24557.5,24557.5,False,
PAY100056,MATCHED,"Payment, settlement, and bank records reconcile within configured rules.",0.99,FINAL,AVAILABLE,FOUND,FOUND,PAYMENT_ID,SET500056,BANK900056,8349.55,8349.55,8349.55,False,
PAY100057,MATCHED,"Payment, settlement, and bank records reconcile within configured rules.",0.99,FINAL,AVAILABLE,FOUND,FOUND,PAYMENT_ID,SET500057,BANK900057,98230.0,98230.0,98230.0,False,
PAY100058,MATCHED,"Payment, settlement, and bank records reconcile within configured rules.",0.99,FINAL,AVAILABLE,FOUND,FOUND,PAYMENT_ID,SET500058,BANK900058,736.73,736.73,736.73,False,
PAY100059,MATCHED,"Payment, settlement, and bank records reconcile within configured rules.",0.99,FINAL,AVAILABLE,FOUND,FOUND,PAYMENT_ID,SET500059,BANK900059,8399.7,8399.7,8399.7,False,
PAY100060,EXCEPTION,No corresponding settlement record was found for the payment.,0.98,FINAL,AVAILABLE,NOT_FOUND,UNKNOWN,NO_SETTLEMENT,,,,,,False,
PAY100061,MATCHED,"Payment, settlement, and bank records reconcile within configured rules.",0.99,FINAL,AVAILABLE,FOUND,FOUND,PAYMENT_ID,SET500061,BANK900061,1178.76,1178.76,1178.76,False,
PAY100062,EXCEPTION,No corresponding settlement record was found for the payment.,0.98,FINAL,AVAILABLE,NOT_FOUND,UNKNOWN,NO_SETTLEMENT,,,,,,False,
PAY100063,MATCHED,"Payment, settlement, and bank records reconcile within configured rules.",0.99,FINAL,AVAILABLE,FOUND,FOUND,PAYMENT_ID,SET500063,BANK900063,11787.6,11787.6,11787.6,False,
PAY100064,MATCHED,"Payment, settlement, and bank records reconcile within configured rules.",0.99,FINAL,AVAILABLE,FOUND,FOUND,PAYMENT_ID,SET500064,BANK900064,49410.0,49410.0,49410.0,False,
PAY100065,MATCHED,"Payment, settlement, and bank records reconcile within configured rules.",0.99,FINAL,AVAILABLE,FOUND,FOUND,PAYMENT_ID,SET500065,BANK900065,491.15,491.15,491.15,False,
PAY100066,MATCHED,"Payment, settlement, and bank records reconcile within configured rules.",0.99,FINAL,AVAILABLE,FOUND,FOUND,PAYMENT_ID,SET500066,BANK900066,8349.55,8349.55,8349.55,False,
PAY100067,EXCEPTION,"Settlement amount mismatch. Expected ₹2470.50, recorded ₹2370.50.",0.9,FINAL,AVAILABLE,FOUND,FOUND,PAYMENT_ID,SET500067,BANK900067,2470.5,2370.5,2370.5,False,
PAY100068,MATCHED,"Payment, settlement, and bank records reconcile within configured rules.",0.99,FINAL,AVAILABLE,FOUND,FOUND,PAYMENT_ID,SET500068,BANK900068,11787.6,11787.6,11787.6,False,
PAY100069,EXCEPTION,No corresponding settlement record was found for the payment.,0.98,FINAL,AVAILABLE,NOT_FOUND,UNKNOWN,NO_SETTLEMENT,,,,,,False,
PAY100070,EXCEPTION,"Partial settlement detected. Expected ₹11858.40, received ₹4150.44.",0.98,FINAL,AVAILABLE,FOUND,FOUND,PAYMENT_ID,SET500070,BANK900070,11858.4,4150.44,4150.44,False,
PAY100071,MATCHED,"Payment, settlement, and bank records reconcile within configured rules.",0.99,FINAL,AVAILABLE,FOUND,FOUND,PAYMENT_ID,SET500071,BANK900071,736.73,736.73,736.73,False,
PAY100072,EXCEPTION,Settlement occurred outside the configured settlement window.,0.97,FINAL,AVAILABLE,FOUND,FOUND,PAYMENT_ID,SET500072,BANK900072,24705.0,24705.0,24705.0,False,
PAY100073,MATCHED,"Payment, settlement, and bank records reconcile within configured rules.",0.99,FINAL,AVAILABLE,FOUND,FOUND,PAYMENT_ID,SET500073,BANK900073,98820.0,98820.0,98820.0,False,
PAY100074,EXCEPTION,"Settlement amount mismatch. Expected ₹491.15, recorded ₹341.15.",0.9,FINAL,AVAILABLE,FOUND,FOUND,PAYMENT_ID,SET500074,BANK900074,491.15,341.15,341.15,False,
PAY100075,EXCEPTION,Settlement exists but bank credit was not found.,0.95,FINAL,AVAILABLE,FOUND,NOT_FOUND,PAYMENT_ID,SET500075,,1185.84,1185.84,,False,
PAY100076,EXCEPTION,Settlement exists but bank credit was not found.,0.95,FINAL,AVAILABLE,FOUND,NOT_FOUND,PAYMENT_ID,SET500076,,74115.0,74115.0,,False,
PAY100077,MATCHED,"Payment, settlement, and bank records reconcile within configured rules.",0.99,FINAL,AVAILABLE,FOUND,FOUND,PAYMENT_ID,SET500077,BANK900077,24557.5,24557.5,24557.5,False,
PAY100078,EXCEPTION,"Settlement amount mismatch. Expected ₹98230.00, recorded ₹98080.00.",0.9,FINAL,AVAILABLE,FOUND,FOUND,PAYMENT_ID,SET500078,BANK900078,98230.0,98080.0,98080.0,False,
PAY100079,MATCHED,"Payment, settlement, and bank records reconcile within configured rules.",0.99,FINAL,AVAILABLE,FOUND,FOUND,PAYMENT_ID,SET500079,BANK900079,2455.75,2455.75,2455.75,False,
PAY100080,MATCHED,"Payment, settlement, and bank records reconcile within configured rules.",0.99,FINAL,AVAILABLE,FOUND,FOUND,PAYMENT_ID,SET500080,BANK900080,11787.6,11787.6,11787.6,False,
PAY100081,MATCHED,"Payment, settlement, and bank records reconcile within configured rules.",0.99,FINAL,AVAILABLE,FOUND,FOUND,PAYMENT_ID,SET500081,BANK900081,73672.5,73672.5,73672.5,False,
PAY100082,MATCHED,"Payment, settlement, and bank records reconcile within configured rules.",0.99,FINAL,AVAILABLE,FOUND,FOUND,PAYMENT_ID,SET500082,BANK900082,98820.0,98820.0,98820.0,False,
PAY100083,EXCEPTION,"Settlement amount mismatch. Expected ₹736.73, recorded ₹442.04.",0.9,FINAL,AVAILABLE,FOUND,FOUND,PAYMENT_ID,SET500083,BANK900083,736.73,442.04,442.04,False,
PAY100084,MATCHED,"Payment, settlement, and bank records reconcile within configured rules.",0.99,FINAL,AVAILABLE,FOUND,FOUND,PAYMENT_ID,SET500084,BANK900084,8399.7,8399.7,8399.7,False,
PAY100085,EXCEPTION,Settlement exists but bank credit was not found.,0.95,FINAL,AVAILABLE,FOUND,NOT_FOUND,PAYMENT_ID,SET500085,,8399.7,8399.7,,False,
PAY100086,EXCEPTION,Duplicate payment record detected.,0.99,FINAL,AVAILABLE,UNKNOWN,UNKNOWN,DUPLICATE_DETECTION,,,,,,False,
PAY200086,EXCEPTION,Duplicate payment record detected.,0.99,FINAL,AVAILABLE,UNKNOWN,UNKNOWN,DUPLICATE_DETECTION,,,,,,False,
PAY100087,EXCEPTION,No corresponding settlement record was found for the payment.,0.98,FINAL,AVAILABLE,NOT_FOUND,UNKNOWN,NO_SETTLEMENT,,,,,,False,
PAY100088,MATCHED,"Payment, settlement, and bank records reconcile within configured rules.",0.99,FINAL,AVAILABLE,FOUND,FOUND,PAYMENT_ID,SET500088,BANK900088,2455.75,2455.75,2455.75,False,
PAY100089,EXCEPTION,Duplicate payment record detected.,0.99,FINAL,AVAILABLE,UNKNOWN,UNKNOWN,DUPLICATE_DETECTION,,,,,,False,
PAY200089,EXCEPTION,Duplicate payment record detected.,0.99,FINAL,AVAILABLE,UNKNOWN,UNKNOWN,DUPLICATE_DETECTION,,,,,,False,
PAY100090,MATCHED,"Payment, settlement, and bank records reconcile within configured rules.",0.99,FINAL,AVAILABLE,FOUND,FOUND,PAYMENT_ID,SET500090,BANK900090,24705.0,24705.0,24705.0,False,
PAY100091,MATCHED,"Payment, settlement, and bank records reconcile within configured rules.",0.99,FINAL,AVAILABLE,FOUND,FOUND,PAYMENT_ID,SET500091,BANK900091,49115.0,49115.0,49115.0,False,
PAY100092,MATCHED,"Payment, settlement, and bank records reconcile within configured rules.",0.99,FINAL,AVAILABLE,FOUND,FOUND,PAYMENT_ID,SET500092,BANK900092,494.1,494.1,494.1,False,
PAY100093,MATCHED,"Payment, settlement, and bank records reconcile within configured rules.",0.99,FINAL,AVAILABLE,FOUND,FOUND,PAYMENT_ID,SET500093,BANK900093,98230.0,98230.0,98230.0,False,
PAY100094,MATCHED,"Payment, settlement, and bank records reconcile within configured rules.",0.99,FINAL,AVAILABLE,FOUND,FOUND,PAYMENT_ID,SET500094,BANK900094,24705.0,24705.0,24705.0,False,
PAY100095,MATCHED,"Payment, settlement, and bank records reconcile within configured rules.",0.99,FINAL,AVAILABLE,FOUND,FOUND,PAYMENT_ID,SET500095,BANK900095,1185.84,1185.84,1185.84,False,
PAY100096,MATCHED,"Payment, settlement, and bank records reconcile within configured rules.",0.99,FINAL,AVAILABLE,FOUND,FOUND,PAYMENT_ID,SET500096,BANK900096,2455.75,2455.75,2455.75,False,
PAY100097,MATCHED,"Payment, settlement, and bank records reconcile within configured rules.",0.99,FINAL,AVAILABLE,FOUND,FOUND,PAYMENT_ID,SET500097,BANK900097,49115.0,49115.0,49115.0,False,
PAY100098,EXCEPTION,Duplicate payment record detected.,0.99,FINAL,AVAILABLE,UNKNOWN,UNKNOWN,DUPLICATE_DETECTION,,,,,,False,
PAY200098,EXCEPTION,Duplicate payment record detected.,0.99,FINAL,AVAILABLE,UNKNOWN,UNKNOWN,DUPLICATE_DETECTION,,,,,,False,
PAY100099,EXCEPTION,Settlement exists but bank credit was not found.,0.95,FINAL,AVAILABLE,FOUND,NOT_FOUND,PAYMENT_ID,SET500099,,49410.0,49410.0,,False,
PAY100100,MATCHED,"Payment, settlement, and bank records reconcile within configured rules.",0.99,FINAL,AVAILABLE,FOUND,FOUND,PAYMENT_ID,SET500100,BANK900100,74115.0,74115.0,74115.0,False,
PAY100101,MATCHED,"Payment, settlement, and bank records reconcile within configured rules.",0.99,FINAL,AVAILABLE,FOUND,FOUND,PAYMENT_ID,SET500101,BANK900101,494.1,494.1,494.1,False,
PAY100102,EXCEPTION,No corresponding settlement record was found for the payment.,0.98,FINAL,AVAILABLE,NOT_FOUND,UNKNOWN,NO_SETTLEMENT,,,,,,False,
PAY100103,MATCHED,"Payment, settlement, and bank records reconcile within configured rules.",0.99,FINAL,AVAILABLE,FOUND,FOUND,PAYMENT_ID,SET500103,BANK900103,74115.0,74115.0,74115.0,False,
PAY100104,EXCEPTION,No corresponding settlement record was found for the payment.,0.98,FINAL,AVAILABLE,NOT_FOUND,UNKNOWN,NO_SETTLEMENT,,,,,,False,
PAY100105,MATCHED,"Payment, settlement, and bank records reconcile within configured rules.",0.99,FINAL,AVAILABLE,FOUND,FOUND,PAYMENT_ID,SET500105,BANK900105,11787.6,11787.6,11787.6,False,
PAY100106,EXCEPTION,"Settlement amount mismatch. Expected ₹98230.00, recorded ₹98130.00.",0.9,FINAL,AVAILABLE,FOUND,FOUND,PAYMENT_ID,SET500106,BANK900106,98230.0,98130.0,98130.0,False,
PAY100107,MATCHED,"Payment, settlement, and bank records reconcile within configured rules.",0.99,FINAL,AVAILABLE,FOUND,FOUND,PAYMENT_ID,SET500107,BANK900107,8399.7,8399.7,8399.7,False,
PAY100108,EXCEPTION,Settlement exists but bank credit was not found.,0.95,FINAL,AVAILABLE,FOUND,NOT_FOUND,PAYMENT_ID,SET500108,,98230.0,98230.0,,False,
PAY100109,MATCHED,"Payment, settlement, and bank records reconcile within configured rules.",0.99,FINAL,AVAILABLE,FOUND,FOUND,PAYMENT_ID,SET500109,BANK900109,74115.0,74115.0,74115.0,False,
PAY100110,EXCEPTION,"Settlement amount mismatch. Expected ₹8399.70, recorded ₹8249.70.",0.9,FINAL,AVAILABLE,FOUND,FOUND,PAYMENT_ID,SET500110,BANK900110,8399.7,8249.7,8249.7,False,
PAY100111,MATCHED,"Payment, settlement, and bank records reconcile within configured rules.",0.99,FINAL,AVAILABLE,FOUND,FOUND,PAYMENT_ID,SET500111,BANK900111,74115.0,74115.0,74115.0,False,
PAY100112,EXCEPTION,Settlement exists but bank credit was not found.,0.95,FINAL,AVAILABLE,FOUND,NOT_FOUND,PAYMENT_ID,SET500112,,4911.5,4911.5,,False,
PAY100113,MATCHED,"Payment, settlement, and bank records reconcile within configured rules.",0.99,FINAL,AVAILABLE,FOUND,FOUND,PAYMENT_ID,SET500113,BANK900113,741.15,741.15,741.15,False,
PAY100114,MATCHED,"Payment, settlement, and bank records reconcile within configured rules.",0.99,FINAL,AVAILABLE,FOUND,FOUND,PAYMENT_ID,SET500114,BANK900114,24557.5,24557.5,24557.5,False,
PAY100115,EXCEPTION,No corresponding settlement record was found for the payment.,0.98,FINAL,AVAILABLE,NOT_FOUND,UNKNOWN,NO_SETTLEMENT,,,,,,False,
PAY100116,EXCEPTION,"Settlement amount mismatch. Expected ₹24705.00, recorded ₹23205.00.",0.9,FINAL,AVAILABLE,FOUND,FOUND,PAYMENT_ID,SET500116,BANK900116,24705.0,23205.0,23205.0,False,
PAY100117,EXCEPTION,Duplicate payment record detected.,0.99,FINAL,AVAILABLE,UNKNOWN,UNKNOWN,DUPLICATE_DETECTION,,,,,,False,
PAY200117,EXCEPTION,Duplicate payment record detected.,0.99,FINAL,AVAILABLE,UNKNOWN,UNKNOWN,DUPLICATE_DETECTION,,,,,,False,
PAY100118,MATCHED,"Payment, settlement, and bank records reconcile within configured rules.",0.99,FINAL,AVAILABLE,FOUND,FOUND,PAYMENT_ID,SET500118,BANK900118,74115.0,74115.0,74115.0,False,
PAY100119,MATCHED,"Payment, settlement, and bank records reconcile within configured rules.",0.99,FINAL,AVAILABLE,FOUND,FOUND,PAYMENT_ID,SET500119,BANK900119,8399.7,8399.7,8399.7,False,
PAY100120,MATCHED,"Payment, settlement, and bank records reconcile within configured rules.",0.99,FINAL,AVAILABLE,FOUND,FOUND,PAYMENT_ID,SET500120,BANK900120,2470.5,2470.5,2470.5,False,
PAY100121,MATCHED,"Payment, settlement, and bank records reconcile within configured rules.",0.99,FINAL,AVAILABLE,FOUND,FOUND,PAYMENT_ID,SET500121,BANK900121,11858.4,11858.4,11858.4,False,
PAY100122,MATCHED,"Payment, settlement, and bank records reconcile within configured rules.",0.99,FINAL,AVAILABLE,FOUND,FOUND,PAYMENT_ID,SET500122,BANK900122,11787.6,11787.6,11787.6,False,
PAY100123,EXCEPTION,"Settlement amount mismatch. Expected ₹8399.70, recorded ₹8149.70.",0.9,FINAL,AVAILABLE,FOUND,FOUND,PAYMENT_ID,SET500123,BANK900123,8399.7,8149.7,8149.7,False,
PAY100124,MATCHED,"Payment, settlement, and bank records reconcile within configured rules.",0.99,FINAL,AVAILABLE,FOUND,FOUND,PAYMENT_ID,SET500124,BANK900124,4941.0,4941.0,4941.0,False,
PAY100125,MATCHED,"Payment, settlement, and bank records reconcile within configured rules.",0.99,FINAL,AVAILABLE,FOUND,FOUND,PAYMENT_ID,SET500125,BANK900125,49410.0,49410.0,49410.0,False,
PAY100126,EXCEPTION,Settlement exists but bank credit was not found.,0.95,FINAL,AVAILABLE,FOUND,NOT_FOUND,PAYMENT_ID,SET500126,,2470.5,2470.5,,False,
PAY100127,MATCHED,"Payment, settlement, and bank records reconcile within configured rules.",0.99,FINAL,AVAILABLE,FOUND,FOUND,PAYMENT_ID,SET500127,BANK900127,24705.0,24705.0,24705.0,False,
PAY100128,MATCHED,"Payment, settlement, and bank records reconcile within configured rules.",0.99,FINAL,AVAILABLE,FOUND,FOUND,PAYMENT_ID,SET500128,BANK900128,736.73,736.73,736.73,False,
PAY100129,MATCHED,"Payment, settlement, and bank records reconcile within configured rules.",0.99,FINAL,AVAILABLE,FOUND,FOUND,PAYMENT_ID,SET500129,BANK900129,736.73,736.73,736.73,False,
PAY100130,EXCEPTION,"Settlement amount mismatch. Expected ₹98820.00, recorded ₹98570.00.",0.9,FINAL,AVAILABLE,FOUND,FOUND,PAYMENT_ID,SET500130,BANK900130,98820.0,98570.0,98570.0,False,
PAY100131,EXCEPTION,"Settlement amount mismatch. Expected ₹2455.75, recorded ₹2205.75.",0.9,FINAL,AVAILABLE,FOUND,FOUND,PAYMENT_ID,SET500131,BANK900131,2455.75,2205.75,2205.75,False,
PAY100132,MATCHED,"Payment, settlement, and bank records reconcile within configured rules.",0.99,FINAL,AVAILABLE,FOUND,FOUND,PAYMENT_ID,SET500132,BANK900132,8399.7,8399.7,8399.7,False,
PAY100133,MATCHED,"Payment, settlement, and bank records reconcile within configured rules.",0.99,FINAL,AVAILABLE,FOUND,FOUND,PAYMENT_ID,SET500133,BANK900133,49410.0,49410.0,49410.0,False,
PAY100134,EXCEPTION,"Settlement amount mismatch. Expected ₹8399.70, recorded ₹8149.70.",0.9,FINAL,AVAILABLE,FOUND,FOUND,PAYMENT_ID,SET500134,BANK900134,8399.7,8149.7,8149.7,False,
PAY100135,MATCHED,"Payment, settlement, and bank records reconcile within configured rules.",0.99,FINAL,AVAILABLE,FOUND,FOUND,PAYMENT_ID,SET500135,BANK900135,11787.6,11787.6,11787.6,False,
PAY100136,MATCHED,"Payment, settlement, and bank records reconcile within configured rules.",0.99,FINAL,AVAILABLE,FOUND,FOUND,PAYMENT_ID,SET500136,BANK900136,1178.76,1178.76,1178.76,False,
PAY100137,MATCHED,"Payment, settlement, and bank records reconcile within configured rules.",0.99,FINAL,AVAILABLE,FOUND,FOUND,PAYMENT_ID,SET500137,BANK900137,49115.0,49115.0,49115.0,False,
PAY100138,EXCEPTION,"Settlement amount mismatch. Expected ₹49115.00, recorded ₹48965.00.",0.9,FINAL,AVAILABLE,FOUND,FOUND,PAYMENT_ID,SET500138,BANK900138,49115.0,48965.0,48965.0,False,
PAY100139,EXCEPTION,No corresponding settlement record was found for the payment.,0.98,FINAL,AVAILABLE,NOT_FOUND,UNKNOWN,NO_SETTLEMENT,,,,,,False,
PAY100140,EXCEPTION,Settlement occurred outside the configured settlement window.,0.97,FINAL,AVAILABLE,FOUND,FOUND,PAYMENT_ID,SET500140,BANK900140,49410.0,49410.0,49410.0,False,
PAY100141,MATCHED,"Payment, settlement, and bank records reconcile within configured rules.",0.99,FINAL,AVAILABLE,FOUND,FOUND,PAYMENT_ID,SET500141,BANK900141,74115.0,74115.0,74115.0,False,
PAY100142,EXCEPTION,"Partial settlement detected. Expected ₹24705.00, received ₹14823.00.",0.98,FINAL,AVAILABLE,FOUND,FOUND,PAYMENT_ID,SET500142,BANK900142,24705.0,14823.0,14823.0,False,
PAY100143,MATCHED,"Payment, settlement, and bank records reconcile within configured rules.",0.99,FINAL,AVAILABLE,FOUND,FOUND,PAYMENT_ID,SET500143,BANK900143,24705.0,24705.0,24705.0,False,
PAY100144,MATCHED,"Payment, settlement, and bank records reconcile within configured rules.",0.99,FINAL,AVAILABLE,FOUND,FOUND,PAYMENT_ID,SET500144,BANK900144,49115.0,49115.0,49115.0,False,
PAY100145,MATCHED,"Payment, settlement, and bank records reconcile within configured rules.",0.99,FINAL,AVAILABLE,FOUND,FOUND,PAYMENT_ID,SET500145,BANK900145,8399.7,8399.7,8399.7,False,
PAY100146,MATCHED,"Payment, settlement, and bank records reconcile within configured rules.",0.99,FINAL,AVAILABLE,FOUND,FOUND,PAYMENT_ID,SET500146,BANK900146,24705.0,24705.0,24705.0,False,
PAY100147,EXCEPTION,Settlement exists but bank credit was not found.,0.95,FINAL,AVAILABLE,FOUND,NOT_FOUND,PAYMENT_ID,SET500147,,11858.4,11858.4,,False,
PAY100148,MATCHED,"Payment, settlement, and bank records reconcile within configured rules.",0.99,FINAL,AVAILABLE,FOUND,FOUND,PAYMENT_ID,SET500148,BANK900148,2470.5,2470.5,2470.5,False,
PAY100149,MATCHED,"Payment, settlement, and bank records reconcile within configured rules.",0.99,FINAL,AVAILABLE,FOUND,FOUND,PAYMENT_ID,SET500149,BANK900149,24705.0,24705.0,24705.0,False,
PAY100150,EXCEPTION,Settlement occurred outside the configured settlement window.,0.97,FINAL,AVAILABLE,FOUND,FOUND,PAYMENT_ID,SET500150,BANK900150,491.15,491.15,491.15,False,
PAY100151,MATCHED,"Payment, settlement, and bank records reconcile within configured rules.",0.99,FINAL,AVAILABLE,FOUND,FOUND,PAYMENT_ID,SET500151,BANK900151,2455.75,2455.75,2455.75,False,
PAY100152,MATCHED,"Payment, settlement, and bank records reconcile within configured rules.",0.99,FINAL,AVAILABLE,FOUND,FOUND,PAYMENT_ID,SET500152,BANK900152,741.15,741.15,741.15,False,
PAY100153,EXCEPTION,Duplicate payment record detected.,0.99,FINAL,AVAILABLE,UNKNOWN,UNKNOWN,DUPLICATE_DETECTION,,,,,,False,
PAY200153,EXCEPTION,Duplicate payment record detected.,0.99,FINAL,AVAILABLE,UNKNOWN,UNKNOWN,DUPLICATE_DETECTION,,,,,,False,
PAY100154,MATCHED,"Payment, settlement, and bank records reconcile within configured rules.",0.99,FINAL,AVAILABLE,FOUND,FOUND,PAYMENT_ID,SET500154,BANK900154,11858.4,11858.4,11858.4,False,
PAY100155,EXCEPTION,"Settlement amount mismatch. Expected ₹49410.00, recorded ₹49360.00.",0.9,FINAL,AVAILABLE,FOUND,FOUND,PAYMENT_ID,SET500155,BANK900155,49410.0,49360.0,49360.0,False,
PAY100156,EXCEPTION,Settlement occurred outside the configured settlement window.,0.97,FINAL,AVAILABLE,FOUND,FOUND,PAYMENT_ID,SET500156,BANK900156,491.15,491.15,491.15,False,
PAY100157,EXCEPTION,"Settlement amount mismatch. Expected ₹1185.84, recorded ₹1035.84.",0.9,FINAL,AVAILABLE,FOUND,FOUND,PAYMENT_ID,SET500157,BANK900157,1185.84,1035.84,1035.84,False,
PAY100158,MATCHED,"Payment, settlement, and bank records reconcile within configured rules.",0.99,FINAL,AVAILABLE,FOUND,FOUND,PAYMENT_ID,SET500158,BANK900158,1185.84,1185.84,1185.84,False,
PAY100159,EXCEPTION,"Partial settlement detected. Expected ₹491.15, received ₹294.69.",0.98,FINAL,AVAILABLE,FOUND,FOUND,PAYMENT_ID,SET500159,BANK900159,491.15,294.69,294.69,False,
PAY100160,MATCHED,"Payment, settlement, and bank records reconcile within configured rules.",0.99,FINAL,AVAILABLE,FOUND,FOUND,PAYMENT_ID,SET500160,BANK900160,2455.75,2455.75,2455.75,False,
PAY100161,MATCHED,"Payment, settlement, and bank records reconcile within configured rules.",0.99,FINAL,AVAILABLE,FOUND,FOUND,PAYMENT_ID,SET500161,BANK900161,11858.4,11858.4,11858.4,False,
PAY100162,MATCHED,"Payment, settlement, and bank records reconcile within configured rules.",0.99,FINAL,AVAILABLE,FOUND,FOUND,PAYMENT_ID,SET500162,BANK900162,49115.0,49115.0,49115.0,False,
PAY100163,MATCHED,"Payment, settlement, and bank records reconcile within configured rules.",0.99,FINAL,AVAILABLE,FOUND,FOUND,PAYMENT_ID,SET500163,BANK900163,49115.0,49115.0,49115.0,False,
PAY100164,MATCHED,"Payment, settlement, and bank records reconcile within configured rules.",0.99,FINAL,AVAILABLE,FOUND,FOUND,PAYMENT_ID,SET500164,BANK900164,11858.4,11858.4,11858.4,False,
PAY100165,EXCEPTION,"Settlement amount mismatch. Expected ₹8399.70, recorded ₹8249.70.",0.9,FINAL,AVAILABLE,FOUND,FOUND,PAYMENT_ID,SET500165,BANK900165,8399.7,8249.7,8249.7,False,
PAY100166,EXCEPTION,"Settlement amount mismatch. Expected ₹98820.00, recorded ₹98720.00.",0.9,FINAL,AVAILABLE,FOUND,FOUND,PAYMENT_ID,SET500166,BANK900166,98820.0,98720.0,98720.0,False,
PAY100167,MATCHED,"Payment, settlement, and bank records reconcile within configured rules.",0.99,FINAL,AVAILABLE,FOUND,FOUND,PAYMENT_ID,SET500167,BANK900167,98230.0,98230.0,98230.0,False,
PAY100168,MATCHED,"Payment, settlement, and bank records reconcile within configured rules.",0.99,FINAL,AVAILABLE,FOUND,FOUND,PAYMENT_ID,SET500168,BANK900168,8349.55,8349.55,8349.55,False,
PAY100169,EXCEPTION,Settlement exists but bank credit was not found.,0.95,FINAL,AVAILABLE,FOUND,NOT_FOUND,PAYMENT_ID,SET500169,,98230.0,98230.0,,False,
PAY100170,EXCEPTION,Settlement exists but bank credit was not found.,0.95,FINAL,AVAILABLE,FOUND,NOT_FOUND,PAYMENT_ID,SET500170,,49410.0,49410.0,,False,
PAY100171,MATCHED,"Payment, settlement, and bank records reconcile within configured rules.",0.99,FINAL,AVAILABLE,FOUND,FOUND,PAYMENT_ID,SET500171,BANK900171,24705.0,24705.0,24705.0,False,
PAY100172,MATCHED,"Payment, settlement, and bank records reconcile within configured rules.",0.99,FINAL,AVAILABLE,FOUND,FOUND,PAYMENT_ID,SET500172,BANK900172,98230.0,98230.0,98230.0,False,
PAY100173,EXCEPTION,Duplicate payment record detected.,0.99,FINAL,AVAILABLE,UNKNOWN,UNKNOWN,DUPLICATE_DETECTION,,,,,,False,
PAY200173,EXCEPTION,Duplicate payment record detected.,0.99,FINAL,AVAILABLE,UNKNOWN,UNKNOWN,DUPLICATE_DETECTION,,,,,,False,
PAY100174,MATCHED,"Payment, settlement, and bank records reconcile within configured rules.",0.99,FINAL,AVAILABLE,FOUND,FOUND,PAYMENT_ID,SET500174,BANK900174,2455.75,2455.75,2455.75,False,
PAY100175,MATCHED,"Payment, settlement, and bank records reconcile within configured rules.",0.99,FINAL,AVAILABLE,FOUND,FOUND,PAYMENT_ID,SET500175,BANK900175,74115.0,74115.0,74115.0,False,
PAY100176,MATCHED,"Payment, settlement, and bank records reconcile within configured rules.",0.99,FINAL,AVAILABLE,FOUND,FOUND,PAYMENT_ID,SET500176,BANK900176,74115.0,74115.0,74115.0,False,
PAY100177,MATCHED,"Payment, settlement, and bank records reconcile within configured rules.",0.99,FINAL,AVAILABLE,FOUND,FOUND,PAYMENT_ID,SET500177,BANK900177,1185.84,1185.84,1185.84,False,
PAY100178,MATCHED,"Payment, settlement, and bank records reconcile within configured rules.",0.99,FINAL,AVAILABLE,FOUND,FOUND,PAYMENT_ID,SET500178,BANK900178,494.1,494.1,494.1,False,
PAY100179,EXCEPTION,Settlement exists but bank credit was not found.,0.95,FINAL,AVAILABLE,FOUND,NOT_FOUND,PAYMENT_ID,SET500179,,2455.75,2455.75,,False,
PAY100180,EXCEPTION,Settlement occurred outside the configured settlement window.,0.97,FINAL,AVAILABLE,FOUND,FOUND,PAYMENT_ID,SET500180,BANK900180,4941.0,4941.0,4941.0,False,
PAY100181,MATCHED,"Payment, settlement, and bank records reconcile within configured rules.",0.99,FINAL,AVAILABLE,FOUND,FOUND,PAYMENT_ID,SET500181,BANK900181,74115.0,74115.0,74115.0,False,
PAY100182,MATCHED,"Payment, settlement, and bank records reconcile within configured rules.",0.99,FINAL,AVAILABLE,FOUND,FOUND,PAYMENT_ID,SET500182,BANK900182,494.1,494.1,494.1,False,
PAY100183,MATCHED,"Payment, settlement, and bank records reconcile within configured rules.",0.99,FINAL,AVAILABLE,FOUND,FOUND,PAYMENT_ID,SET500183,BANK900183,11858.4,11858.4,11858.4,False,
PAY100184,EXCEPTION,Settlement occurred outside the configured settlement window.,0.97,FINAL,AVAILABLE,FOUND,FOUND,PAYMENT_ID,SET500184,BANK900184,2470.5,2470.5,2470.5,False,
PAY100185,EXCEPTION,Duplicate payment record detected.,0.99,FINAL,AVAILABLE,UNKNOWN,UNKNOWN,DUPLICATE_DETECTION,,,,,,False,
PAY200185,EXCEPTION,Duplicate payment record detected.,0.99,FINAL,AVAILABLE,UNKNOWN,UNKNOWN,DUPLICATE_DETECTION,,,,,,False,
PAY100186,MATCHED,"Payment, settlement, and bank records reconcile within configured rules.",0.99,FINAL,AVAILABLE,FOUND,FOUND,PAYMENT_ID,SET500186,BANK900186,11858.4,11858.4,11858.4,False,
PAY100187,MATCHED,"Payment, settlement, and bank records reconcile within configured rules.",0.99,FINAL,AVAILABLE,FOUND,FOUND,PAYMENT_ID,SET500187,BANK900187,4911.5,4911.5,4911.5,False,
PAY100188,EXCEPTION,"Settlement amount mismatch. Expected ₹11858.40, recorded ₹10858.40.",0.9,FINAL,AVAILABLE,FOUND,FOUND,PAYMENT_ID,SET500188,BANK900188,11858.4,10858.4,10858.4,False,
PAY100189,MATCHED,"Payment, settlement, and bank records reconcile within configured rules.",0.99,FINAL,AVAILABLE,FOUND,FOUND,PAYMENT_ID,SET500189,BANK900189,24557.5,24557.5,24557.5,False,
PAY100190,MATCHED,"Payment, settlement, and bank records reconcile within configured rules.",0.99,FINAL,AVAILABLE,FOUND,FOUND,PAYMENT_ID,SET500190,BANK900190,73672.5,73672.5,73672.5,False,
PAY100191,EXCEPTION,"Settlement amount mismatch. Expected ₹24557.50, recorded ₹24507.50.",0.9,FINAL,AVAILABLE,FOUND,FOUND,PAYMENT_ID,SET500191,BANK900191,24557.5,24507.5,24507.5,False,
PAY100192,MATCHED,"Payment, settlement, and bank records reconcile within configured rules.",0.99,FINAL,AVAILABLE,FOUND,FOUND,PAYMENT_ID,SET500192,BANK900192,11787.6,11787.6,11787.6,False,
PAY100193,EXCEPTION,"Settlement amount mismatch. Expected ₹11858.40, recorded ₹11708.40.",0.9,FINAL,AVAILABLE,FOUND,FOUND,PAYMENT_ID,SET500193,BANK900193,11858.4,11708.4,11708.4,False,
PAY100194,EXCEPTION,Settlement occurred outside the configured settlement window.,0.97,FINAL,AVAILABLE,FOUND,FOUND,PAYMENT_ID,SET500194,BANK900194,8399.7,8399.7,8399.7,False,
PAY100195,MATCHED,"Payment, settlement, and bank records reconcile within configured rules.",0.99,FINAL,AVAILABLE,FOUND,FOUND,PAYMENT_ID,SET500195,BANK900195,494.1,494.1,494.1,False,
PAY100196,MATCHED,"Payment, settlement, and bank records reconcile within configured rules.",0.99,FINAL,AVAILABLE,FOUND,FOUND,PAYMENT_ID,SET500196,BANK900196,49410.0,49410.0,49410.0,False,
PAY100197,MATCHED,"Payment, settlement, and bank records reconcile within configured rules.",0.99,FINAL,AVAILABLE,FOUND,FOUND,PAYMENT_ID,SET500197,BANK900197,4941.0,4941.0,4941.0,False,
PAY100198,MATCHED,"Payment, settlement, and bank records reconcile within configured rules.",0.99,FINAL,AVAILABLE,FOUND,FOUND,PAYMENT_ID,SET500198,BANK900198,24705.0,24705.0,24705.0,False,
PAY100199,MATCHED,"Payment, settlement, and bank records reconcile within configured rules.",0.99,FINAL,AVAILABLE,FOUND,FOUND,PAYMENT_ID,SET500199,BANK900199,98820.0,98820.0,98820.0,False,
PAY100200,EXCEPTION,Duplicate payment record detected.,0.99,FINAL,AVAILABLE,UNKNOWN,UNKNOWN,DUPLICATE_DETECTION,,,,,,False,
PAY200200,EXCEPTION,Duplicate payment record detected.,0.99,FINAL,AVAILABLE,UNKNOWN,UNKNOWN,DUPLICATE_DETECTION,,,,,,False,
PAY100201,MATCHED,"Payment, settlement, and bank records reconcile within configured rules.",0.99,FINAL,AVAILABLE,FOUND,FOUND,PAYMENT_ID,SET500201,BANK900201,741.15,741.15,741.15,False,
PAY100202,MATCHED,"Payment, settlement, and bank records reconcile within configured rules.",0.99,FINAL,AVAILABLE,FOUND,FOUND,PAYMENT_ID,SET500202,BANK900202,11858.4,11858.4,11858.4,False,
PAY100203,EXCEPTION,Settlement exists but bank credit was not found.,0.95,FINAL,AVAILABLE,FOUND,NOT_FOUND,PAYMENT_ID,SET500203,,8399.7,8399.7,,False,
PAY100204,UNRESOLVED,Multiple settlement candidates found. Unique reconciliation cannot be established.,0.6,HUMAN_REVIEW,AVAILABLE,MULTIPLE_CANDIDATES,UNKNOWN,NONE,,,,,,True,Multiple possible settlement records require manual verification.
PAY100205,MATCHED,"Payment, settlement, and bank records reconcile within configured rules.",0.99,FINAL,AVAILABLE,FOUND,FOUND,PAYMENT_ID,SET500205,BANK900205,4941.0,4941.0,4941.0,False,
PAY100206,UNRESOLVED,Multiple settlement candidates found. Unique reconciliation cannot be established.,0.6,HUMAN_REVIEW,AVAILABLE,MULTIPLE_CANDIDATES,UNKNOWN,NONE,,,,,,True,Multiple possible settlement records require manual verification.
PAY100207,MATCHED,"Payment, settlement, and bank records reconcile within configured rules.",0.99,FINAL,AVAILABLE,FOUND,FOUND,PAYMENT_ID,SET500207,BANK900207,736.73,736.73,736.73,False,
PAY100208,MATCHED,"Payment, settlement, and bank records reconcile within configured rules.",0.99,FINAL,AVAILABLE,FOUND,FOUND,PAYMENT_ID,SET500208,BANK900208,4941.0,4941.0,4941.0,False,
PAY100209,MATCHED,"Payment, settlement, and bank records reconcile within configured rules.",0.99,FINAL,AVAILABLE,FOUND,FOUND,PAYMENT_ID,SET500209,BANK900209,2470.5,2470.5,2470.5,False,
PAY100210,MATCHED,"Payment, settlement, and bank records reconcile within configured rules.",0.99,FINAL,AVAILABLE,FOUND,FOUND,PAYMENT_ID,SET500210,BANK900210,24705.0,24705.0,24705.0,False,
PAY100211,EXCEPTION,No corresponding settlement record was found for the payment.,0.98,FINAL,AVAILABLE,NOT_FOUND,UNKNOWN,NO_SETTLEMENT,,,,,,False,
PAY100212,EXCEPTION,Settlement exists but bank credit was not found.,0.95,FINAL,AVAILABLE,FOUND,NOT_FOUND,PAYMENT_ID,SET500212,,741.15,741.15,,False,
PAY100213,EXCEPTION,"Partial settlement detected. Expected ₹1185.84, received ₹592.92.",0.98,FINAL,AVAILABLE,FOUND,FOUND,PAYMENT_ID,SET500213,BANK900213,1185.84,592.92,592.92,False,
PAY100214,MATCHED,"Payment, settlement, and bank records reconcile within configured rules.",0.99,FINAL,AVAILABLE,FOUND,FOUND,PAYMENT_ID,SET500214,BANK900214,74115.0,74115.0,74115.0,False,
PAY100215,MATCHED,"Payment, settlement, and bank records reconcile within configured rules.",0.99,FINAL,AVAILABLE,FOUND,FOUND,PAYMENT_ID,SET500215,BANK900215,49115.0,49115.0,49115.0,False,
PAY100216,EXCEPTION,No corresponding settlement record was found for the payment.,0.98,FINAL,AVAILABLE,NOT_FOUND,UNKNOWN,NO_SETTLEMENT,,,,,,False,
PAY100217,MATCHED,"Payment, settlement, and bank records reconcile within configured rules.",0.99,FINAL,AVAILABLE,FOUND,FOUND,PAYMENT_ID,SET500217,BANK900217,1185.84,1185.84,1185.84,False,
PAY100218,EXCEPTION,"Partial settlement detected. Expected ₹98820.00, received ₹34587.00.",0.98,FINAL,AVAILABLE,FOUND,FOUND,PAYMENT_ID,SET500218,BANK900218,98820.0,34587.0,34587.0,False,
PAY100219,EXCEPTION,"Partial settlement detected. Expected ₹24557.50, received ₹12278.75.",0.98,FINAL,AVAILABLE,FOUND,FOUND,PAYMENT_ID,SET500219,BANK900219,24557.5,12278.75,12278.75,False,
PAY100220,MATCHED,"Payment, settlement, and bank records reconcile within configured rules.",0.99,FINAL,AVAILABLE,FOUND,FOUND,PAYMENT_ID,SET500220,BANK900220,2470.5,2470.5,2470.5,False,
PAY100221,MATCHED,"Payment, settlement, and bank records reconcile within configured rules.",0.99,FINAL,AVAILABLE,FOUND,FOUND,PAYMENT_ID,SET500221,BANK900221,4941.0,4941.0,4941.0,False,
PAY100222,EXCEPTION,Settlement occurred outside the configured settlement window.,0.97,FINAL,AVAILABLE,FOUND,FOUND,PAYMENT_ID,SET500222,BANK900222,24705.0,24705.0,24705.0,False,
PAY100223,MATCHED,"Payment, settlement, and bank records reconcile within configured rules.",0.99,FINAL,AVAILABLE,FOUND,FOUND,PAYMENT_ID,SET500223,BANK900223,2470.5,2470.5,2470.5,False,
PAY100224,EXCEPTION,No corresponding settlement record was found for the payment.,0.98,FINAL,AVAILABLE,NOT_FOUND,UNKNOWN,NO_SETTLEMENT,,,,,,False,
PAY100225,MATCHED,"Payment, settlement, and bank records reconcile within configured rules.",0.99,FINAL,AVAILABLE,FOUND,FOUND,PAYMENT_ID,SET500225,BANK900225,1178.76,1178.76,1178.76,False,
PAY100226,EXCEPTION,"Settlement amount mismatch. Expected ₹741.15, recorded ₹491.15.",0.9,FINAL,AVAILABLE,FOUND,FOUND,PAYMENT_ID,SET500226,BANK900226,741.15,491.15,491.15,False,
PAY100227,MATCHED,"Payment, settlement, and bank records reconcile within configured rules.",0.99,FINAL,AVAILABLE,FOUND,FOUND,PAYMENT_ID,SET500227,BANK900227,49115.0,49115.0,49115.0,False,
PAY100228,EXCEPTION,"Settlement amount mismatch. Expected ₹2470.50, recorded ₹2420.50.",0.9,FINAL,AVAILABLE,FOUND,FOUND,PAYMENT_ID,SET500228,BANK900228,2470.5,2420.5,2420.5,False,
PAY100229,MATCHED,"Payment, settlement, and bank records reconcile within configured rules.",0.99,FINAL,AVAILABLE,FOUND,FOUND,PAYMENT_ID,SET500229,BANK900229,736.73,736.73,736.73,False,
PAY100230,EXCEPTION,"Partial settlement detected. Expected ₹98230.00, received ₹49115.00.",0.98,FINAL,AVAILABLE,FOUND,FOUND,PAYMENT_ID,SET500230,BANK900230,98230.0,49115.0,49115.0,False,
PAY100231,EXCEPTION,"Settlement amount mismatch. Expected ₹49410.00, recorded ₹48410.00.",0.9,FINAL,AVAILABLE,FOUND,FOUND,PAYMENT_ID,SET500231,BANK900231,49410.0,48410.0,48410.0,False,
PAY100232,EXCEPTION,Duplicate payment record detected.,0.99,FINAL,AVAILABLE,UNKNOWN,UNKNOWN,DUPLICATE_DETECTION,,,,,,False,
PAY200232,EXCEPTION,Duplicate payment record detected.,0.99,FINAL,AVAILABLE,UNKNOWN,UNKNOWN,DUPLICATE_DETECTION,,,,,,False,
PAY100233,MATCHED,"Payment, settlement, and bank records reconcile within configured rules.",0.99,FINAL,AVAILABLE,FOUND,FOUND,PAYMENT_ID,SET500233,BANK900233,2470.5,2470.5,2470.5,False,
PAY100234,EXCEPTION,Duplicate payment record detected.,0.99,FINAL,AVAILABLE,UNKNOWN,UNKNOWN,DUPLICATE_DETECTION,,,,,,False,
PAY200234,EXCEPTION,Duplicate payment record detected.,0.99,FINAL,AVAILABLE,UNKNOWN,UNKNOWN,DUPLICATE_DETECTION,,,,,,False,
PAY100235,MATCHED,"Payment, settlement, and bank records reconcile within configured rules.",0.99,FINAL,AVAILABLE,FOUND,FOUND,PAYMENT_ID,SET500235,BANK900235,491.15,491.15,491.15,False,
PAY100236,EXCEPTION,No corresponding settlement record was found for the payment.,0.98,FINAL,AVAILABLE,NOT_FOUND,UNKNOWN,NO_SETTLEMENT,,,,,,False,
PAY100237,MATCHED,"Payment, settlement, and bank records reconcile within configured rules.",0.99,FINAL,AVAILABLE,FOUND,FOUND,PAYMENT_ID,SET500237,BANK900237,98230.0,98230.0,98230.0,False,
PAY100238,EXCEPTION,"Partial settlement detected. Expected ₹494.10, received ₹296.46.",0.98,FINAL,AVAILABLE,FOUND,FOUND,PAYMENT_ID,SET500238,BANK900238,494.1,296.46,296.46,False,
PAY100239,MATCHED,"Payment, settlement, and bank records reconcile within configured rules.",0.99,FINAL,AVAILABLE,FOUND,FOUND,PAYMENT_ID,SET500239,BANK900239,11858.4,11858.4,11858.4,False,
PAY100240,MATCHED,"Payment, settlement, and bank records reconcile within configured rules.",0.99,FINAL,AVAILABLE,FOUND,FOUND,PAYMENT_ID,SET500240,BANK900240,49115.0,49115.0,49115.0,False,
PAY100241,EXCEPTION,Settlement exists but bank credit was not found.,0.95,FINAL,AVAILABLE,FOUND,NOT_FOUND,PAYMENT_ID,SET500241,,11858.4,11858.4,,False,
PAY100242,MATCHED,"Payment, settlement, and bank records reconcile within configured rules.",0.99,FINAL,AVAILABLE,FOUND,FOUND,PAYMENT_ID,SET500242,BANK900242,98820.0,98820.0,98820.0,False,
PAY100243,MATCHED,"Payment, settlement, and bank records reconcile within configured rules.",0.99,FINAL,AVAILABLE,FOUND,FOUND,PAYMENT_ID,SET500243,BANK900243,98820.0,98820.0,98820.0,False,
PAY100244,MATCHED,"Payment, settlement, and bank records reconcile within configured rules.",0.99,FINAL,AVAILABLE,FOUND,FOUND,PAYMENT_ID,SET500244,BANK900244,2455.75,2455.75,2455.75,False,
PAY100245,MATCHED,"Payment, settlement, and bank records reconcile within configured rules.",0.99,FINAL,AVAILABLE,FOUND,FOUND,PAYMENT_ID,SET500245,BANK900245,24705.0,24705.0,24705.0,False,
PAY100246,MATCHED,"Payment, settlement, and bank records reconcile within configured rules.",0.99,FINAL,AVAILABLE,FOUND,FOUND,PAYMENT_ID,SET500246,BANK900246,4911.5,4911.5,4911.5,False,
PAY100247,MATCHED,"Payment, settlement, and bank records reconcile within configured rules.",0.99,FINAL,AVAILABLE,FOUND,FOUND,PAYMENT_ID,SET500247,BANK900247,24557.5,24557.5,24557.5,False,
PAY100248,EXCEPTION,"Settlement amount mismatch. Expected ₹74115.00, recorded ₹73615.00.",0.9,FINAL,AVAILABLE,FOUND,FOUND,PAYMENT_ID,SET500248,BANK900248,74115.0,73615.0,73615.0,False,
PAY100249,MATCHED,"Payment, settlement, and bank records reconcile within configured rules.",0.99,FINAL,AVAILABLE,FOUND,FOUND,PAYMENT_ID,SET500249,BANK900249,2455.75,2455.75,2455.75,False,
PAY100250,MATCHED,"Payment, settlement, and bank records reconcile within configured rules.",0.99,FINAL,AVAILABLE,FOUND,FOUND,PAYMENT_ID,SET500250,BANK900250,98820.0,98820.0,98820.0,False,
PAY100251,MATCHED,"Payment, settlement, and bank records reconcile within configured rules.",0.99,FINAL,AVAILABLE,FOUND,FOUND,PAYMENT_ID,SET500251,BANK900251,24705.0,24705.0,24705.0,False,
PAY100252,EXCEPTION,Duplicate payment record detected.,0.99,FINAL,AVAILABLE,UNKNOWN,UNKNOWN,DUPLICATE_DETECTION,,,,,,False,
PAY200252,EXCEPTION,Duplicate payment record detected.,0.99,FINAL,AVAILABLE,UNKNOWN,UNKNOWN,DUPLICATE_DETECTION,,,,,,False,
PAY100253,EXCEPTION,"Partial settlement detected. Expected ₹1185.84, received ₹-1314.16.",0.98,FINAL,AVAILABLE,FOUND,FOUND,PAYMENT_ID,SET500253,BANK900253,1185.84,-1314.16,-1314.16,False,
PAY100254,MATCHED,"Payment, settlement, and bank records reconcile within configured rules.",0.99,FINAL,AVAILABLE,FOUND,FOUND,PAYMENT_ID,SET500254,BANK900254,73672.5,73672.5,73672.5,False,
PAY100255,EXCEPTION,"Partial settlement detected. Expected ₹494.10, received ₹247.05.",0.98,FINAL,AVAILABLE,FOUND,FOUND,PAYMENT_ID,SET500255,BANK900255,494.1,247.05,247.05,False,
PAY100256,MATCHED,"Payment, settlement, and bank records reconcile within configured rules.",0.99,FINAL,AVAILABLE,FOUND,FOUND,PAYMENT_ID,SET500256,BANK900256,11858.4,11858.4,11858.4,False,
PAY100257,MATCHED,"Payment, settlement, and bank records reconcile within configured rules.",0.99,FINAL,AVAILABLE,FOUND,FOUND,PAYMENT_ID,SET500257,BANK900257,4911.5,4911.5,4911.5,False,
PAY100258,EXCEPTION,"Partial settlement detected. Expected ₹2455.75, received ₹859.51.",0.98,FINAL,AVAILABLE,FOUND,FOUND,PAYMENT_ID,SET500258,BANK900258,2455.75,859.51,859.51,False,
PAY100259,MATCHED,"Payment, settlement, and bank records reconcile within configured rules.",0.99,FINAL,AVAILABLE,FOUND,FOUND,PAYMENT_ID,SET500259,BANK900259,24705.0,24705.0,24705.0,False,
PAY100260,MATCHED,"Payment, settlement, and bank records reconcile within configured rules.",0.99,FINAL,AVAILABLE,FOUND,FOUND,PAYMENT_ID,SET500260,BANK900260,8399.7,8399.7,8399.7,False,
PAY100261,MATCHED,"Payment, settlement, and bank records reconcile within configured rules.",0.99,FINAL,AVAILABLE,FOUND,FOUND,PAYMENT_ID,SET500261,BANK900261,73672.5,73672.5,73672.5,False,
PAY100262,EXCEPTION,Settlement exists but bank credit was not found.,0.95,FINAL,AVAILABLE,FOUND,NOT_FOUND,PAYMENT_ID,SET500262,,1178.76,1178.76,,False,
PAY100263,MATCHED,"Payment, settlement, and bank records reconcile within configured rules.",0.99,FINAL,AVAILABLE,FOUND,FOUND,PAYMENT_ID,SET500263,BANK900263,74115.0,74115.0,74115.0,False,
PAY100264,MATCHED,"Payment, settlement, and bank records reconcile within configured rules.",0.99,FINAL,AVAILABLE,FOUND,FOUND,PAYMENT_ID,SET500264,BANK900264,741.15,741.15,741.15,False,
PAY100265,MATCHED,"Payment, settlement, and bank records reconcile within configured rules.",0.99,FINAL,AVAILABLE,FOUND,FOUND,PAYMENT_ID,SET500265,BANK900265,8399.7,8399.7,8399.7,False,
PAY100266,EXCEPTION,Settlement exists but bank credit was not found.,0.95,FINAL,AVAILABLE,FOUND,NOT_FOUND,PAYMENT_ID,SET500266,,24557.5,24557.5,,False,
PAY100267,EXCEPTION,Settlement occurred outside the configured settlement window.,0.97,FINAL,AVAILABLE,FOUND,FOUND,PAYMENT_ID,SET500267,BANK900267,98230.0,98230.0,98230.0,False,
PAY100268,EXCEPTION,No corresponding settlement record was found for the payment.,0.98,FINAL,AVAILABLE,NOT_FOUND,UNKNOWN,NO_SETTLEMENT,,,,,,False,
PAY100269,EXCEPTION,Settlement exists but bank credit was not found.,0.95,FINAL,AVAILABLE,FOUND,NOT_FOUND,PAYMENT_ID,SET500269,,24557.5,24557.5,,False,
PAY100270,MATCHED,"Payment, settlement, and bank records reconcile within configured rules.",0.99,FINAL,AVAILABLE,FOUND,FOUND,PAYMENT_ID,SET500270,BANK900270,24705.0,24705.0,24705.0,False,
PAY100271,MATCHED,"Payment, settlement, and bank records reconcile within configured rules.",0.99,FINAL,AVAILABLE,FOUND,FOUND,PAYMENT_ID,SET500271,BANK900271,741.15,741.15,741.15,False,
PAY100272,EXCEPTION,"Settlement amount mismatch. Expected ₹741.15, recorded ₹641.15.",0.9,FINAL,AVAILABLE,FOUND,FOUND,PAYMENT_ID,SET500272,BANK900272,741.15,641.15,641.15,False,
PAY100273,MATCHED,"Payment, settlement, and bank records reconcile within configured rules.",0.99,FINAL,AVAILABLE,FOUND,FOUND,PAYMENT_ID,SET500273,BANK900273,4911.5,4911.5,4911.5,False,
PAY100274,EXCEPTION,No corresponding settlement record was found for the payment.,0.98,FINAL,AVAILABLE,NOT_FOUND,UNKNOWN,NO_SETTLEMENT,,,,,,False,
PAY100275,MATCHED,"Payment, settlement, and bank records reconcile within configured rules.",0.99,FINAL,AVAILABLE,FOUND,FOUND,PAYMENT_ID,SET500275,BANK900275,741.15,741.15,741.15,False,
PAY100276,MATCHED,"Payment, settlement, and bank records reconcile within configured rules.",0.99,FINAL,AVAILABLE,FOUND,FOUND,PAYMENT_ID,SET500276,BANK900276,8349.55,8349.55,8349.55,False,
PAY100277,MATCHED,"Payment, settlement, and bank records reconcile within configured rules.",0.99,FINAL,AVAILABLE,FOUND,FOUND,PAYMENT_ID,SET500277,BANK900277,2455.75,2455.75,2455.75,False,
PAY100278,MATCHED,"Payment, settlement, and bank records reconcile within configured rules.",0.99,FINAL,AVAILABLE,FOUND,FOUND,PAYMENT_ID,SET500278,BANK900278,24705.0,24705.0,24705.0,False,
PAY100279,EXCEPTION,"Settlement amount mismatch. Expected ₹8399.70, recorded ₹8299.70.",0.9,FINAL,AVAILABLE,FOUND,FOUND,PAYMENT_ID,SET500279,BANK900279,8399.7,8299.7,8299.7,False,
PAY100280,EXCEPTION,No corresponding settlement record was found for the payment.,0.98,FINAL,AVAILABLE,NOT_FOUND,UNKNOWN,NO_SETTLEMENT,,,,,,False,
PAY100281,MATCHED,"Payment, settlement, and bank records reconcile within configured rules.",0.99,FINAL,AVAILABLE,FOUND,FOUND,PAYMENT_ID,SET500281,BANK900281,2455.75,2455.75,2455.75,False,
PAY100282,MATCHED,"Payment, settlement, and bank records reconcile within configured rules.",0.99,FINAL,AVAILABLE,FOUND,FOUND,PAYMENT_ID,SET500282,BANK900282,73672.5,73672.5,73672.5,False,
PAY100283,EXCEPTION,"Settlement amount mismatch. Expected ₹49410.00, recorded ₹49360.00.",0.9,FINAL,AVAILABLE,FOUND,FOUND,PAYMENT_ID,SET500283,BANK900283,49410.0,49360.0,49360.0,False,
PAY100284,EXCEPTION,No corresponding settlement record was found for the payment.,0.98,FINAL,AVAILABLE,NOT_FOUND,UNKNOWN,NO_SETTLEMENT,,,,,,False,
PAY100285,EXCEPTION,"Settlement amount mismatch. Expected ₹4941.00, recorded ₹4841.00.",0.9,FINAL,AVAILABLE,FOUND,FOUND,PAYMENT_ID,SET500285,BANK900285,4941.0,4841.0,4841.0,False,
PAY100286,EXCEPTION,"Settlement amount mismatch. Expected ₹49410.00, recorded ₹49360.00.",0.9,FINAL,AVAILABLE,FOUND,FOUND,PAYMENT_ID,SET500286,BANK900286,49410.0,49360.0,49360.0,False,
PAY100287,EXCEPTION,No corresponding settlement record was found for the payment.,0.98,FINAL,AVAILABLE,NOT_FOUND,UNKNOWN,NO_SETTLEMENT,,,,,,False,
PAY100288,MATCHED,"Payment, settlement, and bank records reconcile within configured rules.",0.99,FINAL,AVAILABLE,FOUND,FOUND,PAYMENT_ID,SET500288,BANK900288,736.73,736.73,736.73,False,
PAY100289,MATCHED,"Payment, settlement, and bank records reconcile within configured rules.",0.99,FINAL,AVAILABLE,FOUND,FOUND,PAYMENT_ID,SET500289,BANK900289,741.15,741.15,741.15,False,
PAY100290,MATCHED,"Payment, settlement, and bank records reconcile within configured rules.",0.99,FINAL,AVAILABLE,FOUND,FOUND,PAYMENT_ID,SET500290,BANK900290,1178.76,1178.76,1178.76,False,
PAY100291,MATCHED,"Payment, settlement, and bank records reconcile within configured rules.",0.99,FINAL,AVAILABLE,FOUND,FOUND,PAYMENT_ID,SET500291,BANK900291,98820.0,98820.0,98820.0,False,
PAY100292,MATCHED,"Payment, settlement, and bank records reconcile within configured rules.",0.99,FINAL,AVAILABLE,FOUND,FOUND,PAYMENT_ID,SET500292,BANK900292,494.1,494.1,494.1,False,
PAY100293,MATCHED,"Payment, settlement, and bank records reconcile within configured rules.",0.99,FINAL,AVAILABLE,FOUND,FOUND,PAYMENT_ID,SET500293,BANK900293,49410.0,49410.0,49410.0,False,
PAY100294,EXCEPTION,Duplicate payment record detected.,0.99,FINAL,AVAILABLE,UNKNOWN,UNKNOWN,DUPLICATE_DETECTION,,,,,,False,
PAY200294,EXCEPTION,Duplicate payment record detected.,0.99,FINAL,AVAILABLE,UNKNOWN,UNKNOWN,DUPLICATE_DETECTION,,,,,,False,
PAY100295,MATCHED,"Payment, settlement, and bank records reconcile within configured rules.",0.99,FINAL,AVAILABLE,FOUND,FOUND,PAYMENT_ID,SET500295,BANK900295,8349.55,8349.55,8349.55,False,
PAY100296,MATCHED,"Payment, settlement, and bank records reconcile within configured rules.",0.99,FINAL,AVAILABLE,FOUND,FOUND,PAYMENT_ID,SET500296,BANK900296,98820.0,98820.0,98820.0,False,
PAY100297,EXCEPTION,Duplicate payment record detected.,0.99,FINAL,AVAILABLE,UNKNOWN,UNKNOWN,DUPLICATE_DETECTION,,,,,,False,
PAY200297,EXCEPTION,Duplicate payment record detected.,0.99,FINAL,AVAILABLE,UNKNOWN,UNKNOWN,DUPLICATE_DETECTION,,,,,,False,
PAY100298,EXCEPTION,No corresponding settlement record was found for the payment.,0.98,FINAL,AVAILABLE,NOT_FOUND,UNKNOWN,NO_SETTLEMENT,,,,,,False,
PAY100299,MATCHED,"Payment, settlement, and bank records reconcile within configured rules.",0.99,FINAL,AVAILABLE,FOUND,FOUND,PAYMENT_ID,SET500299,BANK900299,8349.55,8349.55,8349.55,False,
PAY100300,MATCHED,"Payment, settlement, and bank records reconcile within configured rules.",0.99,FINAL,AVAILABLE,FOUND,FOUND,PAYMENT_ID,SET500300,BANK900300,11858.4,11858.4,11858.4,False,
PAY100301,MATCHED,"Payment, settlement, and bank records reconcile within configured rules.",0.99,FINAL,AVAILABLE,FOUND,FOUND,PAYMENT_ID,SET500301,BANK900301,24557.5,24557.5,24557.5,False,
PAY100302,MATCHED,"Payment, settlement, and bank records reconcile within configured rules.",0.99,FINAL,AVAILABLE,FOUND,FOUND,PAYMENT_ID,SET500302,BANK900302,2470.5,2470.5,2470.5,False,
PAY100303,EXCEPTION,No corresponding settlement record was found for the payment.,0.98,FINAL,AVAILABLE,NOT_FOUND,UNKNOWN,NO_SETTLEMENT,,,,,,False,
PAY100304,EXCEPTION,"Settlement amount mismatch. Expected ₹49410.00, recorded ₹49360.00.",0.9,FINAL,AVAILABLE,FOUND,FOUND,PAYMENT_ID,SET500304,BANK900304,49410.0,49360.0,49360.0,False,
PAY100305,MATCHED,"Payment, settlement, and bank records reconcile within configured rules.",0.99,FINAL,AVAILABLE,FOUND,FOUND,PAYMENT_ID,SET500305,BANK900305,736.73,736.73,736.73,False,
PAY100306,MATCHED,"Payment, settlement, and bank records reconcile within configured rules.",0.99,FINAL,AVAILABLE,FOUND,FOUND,PAYMENT_ID,SET500306,BANK900306,74115.0,74115.0,74115.0,False,
PAY100307,MATCHED,"Payment, settlement, and bank records reconcile within configured rules.",0.99,FINAL,AVAILABLE,FOUND,FOUND,PAYMENT_ID,SET500307,BANK900307,74115.0,74115.0,74115.0,False,
PAY100308,EXCEPTION,"Settlement amount mismatch. Expected ₹98820.00, recorded ₹98570.00.",0.9,FINAL,AVAILABLE,FOUND,FOUND,PAYMENT_ID,SET500308,BANK900308,98820.0,98570.0,98570.0,False,
PAY100309,MATCHED,"Payment, settlement, and bank records reconcile within configured rules.",0.99,FINAL,AVAILABLE,FOUND,FOUND,PAYMENT_ID,SET500309,BANK900309,8399.7,8399.7,8399.7,False,
PAY100310,MATCHED,"Payment, settlement, and bank records reconcile within configured rules.",0.99,FINAL,AVAILABLE,FOUND,FOUND,PAYMENT_ID,SET500310,BANK900310,11787.6,11787.6,11787.6,False,
PAY100311,MATCHED,"Payment, settlement, and bank records reconcile within configured rules.",0.99,FINAL,AVAILABLE,FOUND,FOUND,PAYMENT_ID,SET500311,BANK900311,8349.55,8349.55,8349.55,False,
PAY100312,MATCHED,"Payment, settlement, and bank records reconcile within configured rules.",0.99,FINAL,AVAILABLE,FOUND,FOUND,PAYMENT_ID,SET500312,BANK900312,98820.0,98820.0,98820.0,False,
PAY100313,MATCHED,"Payment, settlement, and bank records reconcile within configured rules.",0.99,FINAL,AVAILABLE,FOUND,FOUND,PAYMENT_ID,SET500313,BANK900313,24557.5,24557.5,24557.5,False,
PAY100314,EXCEPTION,No corresponding settlement record was found for the payment.,0.98,FINAL,AVAILABLE,NOT_FOUND,UNKNOWN,NO_SETTLEMENT,,,,,,False,
PAY100315,EXCEPTION,Settlement occurred outside the configured settlement window.,0.97,FINAL,AVAILABLE,FOUND,FOUND,PAYMENT_ID,SET500315,BANK900315,494.1,494.1,494.1,False,
PAY100316,EXCEPTION,Settlement exists but bank credit was not found.,0.95,FINAL,AVAILABLE,FOUND,NOT_FOUND,PAYMENT_ID,SET500316,,1185.84,1185.84,,False,
PAY100317,EXCEPTION,"Settlement amount mismatch. Expected ₹736.73, recorded ₹636.73.",0.9,FINAL,AVAILABLE,FOUND,FOUND,PAYMENT_ID,SET500317,BANK900317,736.73,636.73,636.73,False,
PAY100318,MATCHED,"Payment, settlement, and bank records reconcile within configured rules.",0.99,FINAL,AVAILABLE,FOUND,FOUND,PAYMENT_ID,SET500318,BANK900318,741.15,741.15,741.15,False,
PAY100319,MATCHED,"Payment, settlement, and bank records reconcile within configured rules.",0.99,FINAL,AVAILABLE,FOUND,FOUND,PAYMENT_ID,SET500319,BANK900319,24705.0,24705.0,24705.0,False,
PAY100320,MATCHED,"Payment, settlement, and bank records reconcile within configured rules.",0.99,FINAL,AVAILABLE,FOUND,FOUND,PAYMENT_ID,SET500320,BANK900320,11858.4,11858.4,11858.4,False,
PAY100321,MATCHED,"Payment, settlement, and bank records reconcile within configured rules.",0.99,FINAL,AVAILABLE,FOUND,FOUND,PAYMENT_ID,SET500321,BANK900321,1185.84,1185.84,1185.84,False,
PAY100322,MATCHED,"Payment, settlement, and bank records reconcile within configured rules.",0.99,FINAL,AVAILABLE,FOUND,FOUND,PAYMENT_ID,SET500322,BANK900322,1178.76,1178.76,1178.76,False,
PAY100323,EXCEPTION,Duplicate payment record detected.,0.99,FINAL,AVAILABLE,UNKNOWN,UNKNOWN,DUPLICATE_DETECTION,,,,,,False,
PAY200323,EXCEPTION,Duplicate payment record detected.,0.99,FINAL,AVAILABLE,UNKNOWN,UNKNOWN,DUPLICATE_DETECTION,,,,,,False,
PAY100324,MATCHED,"Payment, settlement, and bank records reconcile within configured rules.",0.99,FINAL,AVAILABLE,FOUND,FOUND,PAYMENT_ID,SET500324,BANK900324,1185.84,1185.84,1185.84,False,
PAY100325,EXCEPTION,Settlement occurred outside the configured settlement window.,0.97,FINAL,AVAILABLE,FOUND,FOUND,PAYMENT_ID,SET500325,BANK900325,73672.5,73672.5,73672.5,False,
PAY100326,MATCHED,"Payment, settlement, and bank records reconcile within configured rules.",0.99,FINAL,AVAILABLE,FOUND,FOUND,PAYMENT_ID,SET500326,BANK900326,11787.6,11787.6,11787.6,False,
PAY100327,MATCHED,"Payment, settlement, and bank records reconcile within configured rules.",0.99,FINAL,AVAILABLE,FOUND,FOUND,PAYMENT_ID,SET500327,BANK900327,98820.0,98820.0,98820.0,False,
PAY100328,EXCEPTION,Duplicate payment record detected.,0.99,FINAL,AVAILABLE,UNKNOWN,UNKNOWN,DUPLICATE_DETECTION,,,,,,False,
PAY200328,EXCEPTION,Duplicate payment record detected.,0.99,FINAL,AVAILABLE,UNKNOWN,UNKNOWN,DUPLICATE_DETECTION,,,,,,False,
PAY100329,UNRESOLVED,Multiple settlement candidates found. Unique reconciliation cannot be established.,0.6,HUMAN_REVIEW,AVAILABLE,MULTIPLE_CANDIDATES,UNKNOWN,NONE,,,,,,True,Multiple possible settlement records require manual verification.
PAY100330,EXCEPTION,Settlement occurred outside the configured settlement window.,0.97,FINAL,AVAILABLE,FOUND,FOUND,PAYMENT_ID,SET500330,BANK900330,11787.6,11787.6,11787.6,False,
PAY100331,EXCEPTION,"Settlement amount mismatch. Expected ₹4941.00, recorded ₹4841.00.",0.9,FINAL,AVAILABLE,FOUND,FOUND,PAYMENT_ID,SET500331,BANK900331,4941.0,4841.0,4841.0,False,
PAY100332,EXCEPTION,Settlement exists but bank credit was not found.,0.95,FINAL,AVAILABLE,FOUND,NOT_FOUND,PAYMENT_ID,SET500332,,98820.0,98820.0,,False,
PAY100333,EXCEPTION,"Partial settlement detected. Expected ₹494.10, received ₹247.05.",0.98,FINAL,AVAILABLE,FOUND,FOUND,PAYMENT_ID,SET500333,BANK900333,494.1,247.05,247.05,False,
PAY100334,MATCHED,"Payment, settlement, and bank records reconcile within configured rules.",0.99,FINAL,AVAILABLE,FOUND,FOUND,PAYMENT_ID,SET500334,BANK900334,1185.84,1185.84,1185.84,False,
PAY100335,MATCHED,"Payment, settlement, and bank records reconcile within configured rules.",0.99,FINAL,AVAILABLE,FOUND,FOUND,PAYMENT_ID,SET500335,BANK900335,4941.0,4941.0,4941.0,False,
PAY100336,MATCHED,"Payment, settlement, and bank records reconcile within configured rules.",0.99,FINAL,AVAILABLE,FOUND,FOUND,PAYMENT_ID,SET500336,BANK900336,4941.0,4941.0,4941.0,False,
PAY100337,MATCHED,"Payment, settlement, and bank records reconcile within configured rules.",0.99,FINAL,AVAILABLE,FOUND,FOUND,PAYMENT_ID,SET500337,BANK900337,491.15,491.15,491.15,False,
PAY100338,MATCHED,"Payment, settlement, and bank records reconcile within configured rules.",0.99,FINAL,AVAILABLE,FOUND,FOUND,PAYMENT_ID,SET500338,BANK900338,74115.0,74115.0,74115.0,False,
PAY100339,MATCHED,"Payment, settlement, and bank records reconcile within configured rules.",0.99,FINAL,AVAILABLE,FOUND,FOUND,PAYMENT_ID,SET500339,BANK900339,494.1,494.1,494.1,False,
PAY100340,EXCEPTION,Settlement exists but bank credit was not found.,0.95,FINAL,AVAILABLE,FOUND,NOT_FOUND,PAYMENT_ID,SET500340,,494.1,494.1,,False,
PAY100341,MATCHED,"Payment, settlement, and bank records reconcile within configured rules.",0.99,FINAL,AVAILABLE,FOUND,FOUND,PAYMENT_ID,SET500341,BANK900341,8349.55,8349.55,8349.55,False,
PAY100342,MATCHED,"Payment, settlement, and bank records reconcile within configured rules.",0.99,FINAL,AVAILABLE,FOUND,FOUND,PAYMENT_ID,SET500342,BANK900342,494.1,494.1,494.1,False,
PAY100343,MATCHED,"Payment, settlement, and bank records reconcile within configured rules.",0.99,FINAL,AVAILABLE,FOUND,FOUND,PAYMENT_ID,SET500343,BANK900343,4911.5,4911.5,4911.5,False,
PAY100344,EXCEPTION,"Settlement amount mismatch. Expected ₹4941.00, recorded ₹4841.00.",0.9,FINAL,AVAILABLE,FOUND,FOUND,PAYMENT_ID,SET500344,BANK900344,4941.0,4841.0,4841.0,False,
PAY100345,EXCEPTION,"Partial settlement detected. Expected ₹2470.50, received ₹970.50.",0.98,FINAL,AVAILABLE,FOUND,FOUND,PAYMENT_ID,SET500345,BANK900345,2470.5,970.5,970.5,False,
PAY100346,EXCEPTION,Settlement occurred outside the configured settlement window.,0.97,FINAL,AVAILABLE,FOUND,FOUND,PAYMENT_ID,SET500346,BANK900346,491.15,491.15,491.15,False,
PAY100347,EXCEPTION,Duplicate payment record detected.,0.99,FINAL,AVAILABLE,UNKNOWN,UNKNOWN,DUPLICATE_DETECTION,,,,,,False,
PAY200347,EXCEPTION,Duplicate payment record detected.,0.99,FINAL,AVAILABLE,UNKNOWN,UNKNOWN,DUPLICATE_DETECTION,,,,,,False,
PAY100348,MATCHED,"Payment, settlement, and bank records reconcile within configured rules.",0.99,FINAL,AVAILABLE,FOUND,FOUND,PAYMENT_ID,SET500348,BANK900348,8349.55,8349.55,8349.55,False,
PAY100349,MATCHED,"Payment, settlement, and bank records reconcile within configured rules.",0.99,FINAL,AVAILABLE,FOUND,FOUND,PAYMENT_ID,SET500349,BANK900349,11858.4,11858.4,11858.4,False,
PAY100350,MATCHED,"Payment, settlement, and bank records reconcile within configured rules.",0.99,FINAL,AVAILABLE,FOUND,FOUND,PAYMENT_ID,SET500350,BANK900350,8349.55,8349.55,8349.55,False,
PAY100351,MATCHED,"Payment, settlement, and bank records reconcile within configured rules.",0.99,FINAL,AVAILABLE,FOUND,FOUND,PAYMENT_ID,SET500351,BANK900351,1185.84,1185.84,1185.84,False,
PAY100352,MATCHED,"Payment, settlement, and bank records reconcile within configured rules.",0.99,FINAL,AVAILABLE,FOUND,FOUND,PAYMENT_ID,SET500352,BANK900352,741.15,741.15,741.15,False,
PAY100353,MATCHED,"Payment, settlement, and bank records reconcile within configured rules.",0.99,FINAL,AVAILABLE,FOUND,FOUND,PAYMENT_ID,SET500353,BANK900353,741.15,741.15,741.15,False,
PAY100354,MATCHED,"Payment, settlement, and bank records reconcile within configured rules.",0.99,FINAL,AVAILABLE,FOUND,FOUND,PAYMENT_ID,SET500354,BANK900354,1185.84,1185.84,1185.84,False,
PAY100355,EXCEPTION,Settlement exists but bank credit was not found.,0.95,FINAL,AVAILABLE,FOUND,NOT_FOUND,PAYMENT_ID,SET500355,,4941.0,4941.0,,False,
PAY100356,EXCEPTION,Duplicate payment record detected.,0.99,FINAL,AVAILABLE,UNKNOWN,UNKNOWN,DUPLICATE_DETECTION,,,,,,False,
PAY200356,EXCEPTION,Duplicate payment record detected.,0.99,FINAL,AVAILABLE,UNKNOWN,UNKNOWN,DUPLICATE_DETECTION,,,,,,False,
PAY100357,MATCHED,"Payment, settlement, and bank records reconcile within configured rules.",0.99,FINAL,AVAILABLE,FOUND,FOUND,PAYMENT_ID,SET500357,BANK900357,1185.84,1185.84,1185.84,False,
PAY100358,MATCHED,"Payment, settlement, and bank records reconcile within configured rules.",0.99,FINAL,AVAILABLE,FOUND,FOUND,PAYMENT_ID,SET500358,BANK900358,741.15,741.15,741.15,False,
PAY100359,MATCHED,"Payment, settlement, and bank records reconcile within configured rules.",0.99,FINAL,AVAILABLE,FOUND,FOUND,PAYMENT_ID,SET500359,BANK900359,8399.7,8399.7,8399.7,False,
PAY100360,MATCHED,"Payment, settlement, and bank records reconcile within configured rules.",0.99,FINAL,AVAILABLE,FOUND,FOUND,PAYMENT_ID,SET500360,BANK900360,11787.6,11787.6,11787.6,False,
PAY100361,MATCHED,"Payment, settlement, and bank records reconcile within configured rules.",0.99,FINAL,AVAILABLE,FOUND,FOUND,PAYMENT_ID,SET500361,BANK900361,4911.5,4911.5,4911.5,False,
PAY100362,MATCHED,"Payment, settlement, and bank records reconcile within configured rules.",0.99,FINAL,AVAILABLE,FOUND,FOUND,PAYMENT_ID,SET500362,BANK900362,49115.0,49115.0,49115.0,False,
PAY100363,EXCEPTION,Settlement occurred outside the configured settlement window.,0.97,FINAL,AVAILABLE,FOUND,FOUND,PAYMENT_ID,SET500363,BANK900363,49410.0,49410.0,49410.0,False,
PAY100364,MATCHED,"Payment, settlement, and bank records reconcile within configured rules.",0.99,FINAL,AVAILABLE,FOUND,FOUND,PAYMENT_ID,SET500364,BANK900364,74115.0,74115.0,74115.0,False,
PAY100365,MATCHED,"Payment, settlement, and bank records reconcile within configured rules.",0.99,FINAL,AVAILABLE,FOUND,FOUND,PAYMENT_ID,SET500365,BANK900365,491.15,491.15,491.15,False,
PAY100366,EXCEPTION,"Partial settlement detected. Expected ₹2470.50, received ₹1235.25.",0.98,FINAL,AVAILABLE,FOUND,FOUND,PAYMENT_ID,SET500366,BANK900366,2470.5,1235.25,1235.25,False,
PAY100367,MATCHED,"Payment, settlement, and bank records reconcile within configured rules.",0.99,FINAL,AVAILABLE,FOUND,FOUND,PAYMENT_ID,SET500367,BANK900367,8399.7,8399.7,8399.7,False,
PAY100368,MATCHED,"Payment, settlement, and bank records reconcile within configured rules.",0.99,FINAL,AVAILABLE,FOUND,FOUND,PAYMENT_ID,SET500368,BANK900368,8399.7,8399.7,8399.7,False,
PAY100369,EXCEPTION,"Settlement amount mismatch. Expected ₹24705.00, recorded ₹24655.00.",0.9,FINAL,AVAILABLE,FOUND,FOUND,PAYMENT_ID,SET500369,BANK900369,24705.0,24655.0,24655.0,False,
PAY100370,MATCHED,"Payment, settlement, and bank records reconcile within configured rules.",0.99,FINAL,AVAILABLE,FOUND,FOUND,PAYMENT_ID,SET500370,BANK900370,8399.7,8399.7,8399.7,False,
PAY100371,MATCHED,"Payment, settlement, and bank records reconcile within configured rules.",0.99,FINAL,AVAILABLE,FOUND,FOUND,PAYMENT_ID,SET500371,BANK900371,74115.0,74115.0,74115.0,False,
PAY100372,EXCEPTION,"Settlement amount mismatch. Expected ₹11858.40, recorded ₹11708.40.",0.9,FINAL,AVAILABLE,FOUND,FOUND,PAYMENT_ID,SET500372,BANK900372,11858.4,11708.4,11708.4,False,
PAY100373,EXCEPTION,No corresponding settlement record was found for the payment.,0.98,FINAL,AVAILABLE,NOT_FOUND,UNKNOWN,NO_SETTLEMENT,,,,,,False,
PAY100374,EXCEPTION,Settlement exists but bank credit was not found.,0.95,FINAL,AVAILABLE,FOUND,NOT_FOUND,PAYMENT_ID,SET500374,,1178.76,1178.76,,False,
PAY100375,EXCEPTION,No corresponding settlement record was found for the payment.,0.98,FINAL,AVAILABLE,NOT_FOUND,UNKNOWN,NO_SETTLEMENT,,,,,,False,
PAY100376,MATCHED,"Payment, settlement, and bank records reconcile within configured rules.",0.99,FINAL,AVAILABLE,FOUND,FOUND,PAYMENT_ID,SET500376,BANK900376,74115.0,74115.0,74115.0,False,
PAY100377,MATCHED,"Payment, settlement, and bank records reconcile within configured rules.",0.99,FINAL,AVAILABLE,FOUND,FOUND,PAYMENT_ID,SET500377,BANK900377,2455.75,2455.75,2455.75,False,
PAY100378,MATCHED,"Payment, settlement, and bank records reconcile within configured rules.",0.99,FINAL,AVAILABLE,FOUND,FOUND,PAYMENT_ID,SET500378,BANK900378,2470.5,2470.5,2470.5,False,
PAY100379,MATCHED,"Payment, settlement, and bank records reconcile within configured rules.",0.99,FINAL,AVAILABLE,FOUND,FOUND,PAYMENT_ID,SET500379,BANK900379,11858.4,11858.4,11858.4,False,
PAY100380,MATCHED,"Payment, settlement, and bank records reconcile within configured rules.",0.99,FINAL,AVAILABLE,FOUND,FOUND,PAYMENT_ID,SET500380,BANK900380,24705.0,24705.0,24705.0,False,
PAY100381,MATCHED,"Payment, settlement, and bank records reconcile within configured rules.",0.99,FINAL,AVAILABLE,FOUND,FOUND,PAYMENT_ID,SET500381,BANK900381,4941.0,4941.0,4941.0,False,
PAY100382,EXCEPTION,"Partial settlement detected. Expected ₹1185.84, received ₹-1314.16.",0.98,FINAL,AVAILABLE,FOUND,FOUND,PAYMENT_ID,SET500382,BANK900382,1185.84,-1314.16,-1314.16,False,
PAY100383,MATCHED,"Payment, settlement, and bank records reconcile within configured rules.",0.99,FINAL,AVAILABLE,FOUND,FOUND,PAYMENT_ID,SET500383,BANK900383,73672.5,73672.5,73672.5,False,
PAY100384,MATCHED,"Payment, settlement, and bank records reconcile within configured rules.",0.99,FINAL,AVAILABLE,FOUND,FOUND,PAYMENT_ID,SET500384,BANK900384,49410.0,49410.0,49410.0,False,
PAY100385,MATCHED,"Payment, settlement, and bank records reconcile within configured rules.",0.99,FINAL,AVAILABLE,FOUND,FOUND,PAYMENT_ID,SET500385,BANK900385,11858.4,11858.4,11858.4,False,
PAY100386,EXCEPTION,No corresponding settlement record was found for the payment.,0.98,FINAL,AVAILABLE,NOT_FOUND,UNKNOWN,NO_SETTLEMENT,,,,,,False,
PAY100387,EXCEPTION,Settlement occurred outside the configured settlement window.,0.97,FINAL,AVAILABLE,FOUND,FOUND,PAYMENT_ID,SET500387,BANK900387,98230.0,98230.0,98230.0,False,
PAY100388,MATCHED,"Payment, settlement, and bank records reconcile within configured rules.",0.99,FINAL,AVAILABLE,FOUND,FOUND,PAYMENT_ID,SET500388,BANK900388,4941.0,4941.0,4941.0,False,
PAY100389,EXCEPTION,No corresponding settlement record was found for the payment.,0.98,FINAL,AVAILABLE,NOT_FOUND,UNKNOWN,NO_SETTLEMENT,,,,,,False,
PAY100390,UNRESOLVED,Multiple settlement candidates found. Unique reconciliation cannot be established.,0.6,HUMAN_REVIEW,AVAILABLE,MULTIPLE_CANDIDATES,UNKNOWN,NONE,,,,,,True,Multiple possible settlement records require manual verification.
PAY100391,MATCHED,"Payment, settlement, and bank records reconcile within configured rules.",0.99,FINAL,AVAILABLE,FOUND,FOUND,PAYMENT_ID,SET500391,BANK900391,2470.5,2470.5,2470.5,False,
PAY100392,EXCEPTION,Settlement occurred outside the configured settlement window.,0.97,FINAL,AVAILABLE,FOUND,FOUND,PAYMENT_ID,SET500392,BANK900392,24705.0,24705.0,24705.0,False,
PAY100393,MATCHED,"Payment, settlement, and bank records reconcile within configured rules.",0.99,FINAL,AVAILABLE,FOUND,FOUND,PAYMENT_ID,SET500393,BANK900393,49410.0,49410.0,49410.0,False,
PAY100394,EXCEPTION,Settlement exists but bank credit was not found.,0.95,FINAL,AVAILABLE,FOUND,NOT_FOUND,PAYMENT_ID,SET500394,,2470.5,2470.5,,False,
PAY100395,MATCHED,"Payment, settlement, and bank records reconcile within configured rules.",0.99,FINAL,AVAILABLE,FOUND,FOUND,PAYMENT_ID,SET500395,BANK900395,1185.84,1185.84,1185.84,False,
PAY100396,EXCEPTION,"Partial settlement detected. Expected ₹8349.55, received ₹4174.77.",0.98,FINAL,AVAILABLE,FOUND,FOUND,PAYMENT_ID,SET500396,BANK900396,8349.55,4174.77,4174.77,False,
PAY100397,MATCHED,"Payment, settlement, and bank records reconcile within configured rules.",0.99,FINAL,AVAILABLE,FOUND,FOUND,PAYMENT_ID,SET500397,BANK900397,1185.84,1185.84,1185.84,False,
PAY100398,MATCHED,"Payment, settlement, and bank records reconcile within configured rules.",0.99,FINAL,AVAILABLE,FOUND,FOUND,PAYMENT_ID,SET500398,BANK900398,4941.0,4941.0,4941.0,False,
PAY100399,EXCEPTION,Duplicate payment record detected.,0.99,FINAL,AVAILABLE,UNKNOWN,UNKNOWN,DUPLICATE_DETECTION,,,,,,False,
PAY200399,EXCEPTION,Duplicate payment record detected.,0.99,FINAL,AVAILABLE,UNKNOWN,UNKNOWN,DUPLICATE_DETECTION,,,,,,False,
PAY100400,EXCEPTION,"Settlement amount mismatch. Expected ₹11858.40, recorded ₹11708.40.",0.9,FINAL,AVAILABLE,FOUND,FOUND,PAYMENT_ID,SET500400,BANK900400,11858.4,11708.4,11708.4,False,
PAY100401,MATCHED,"Payment, settlement, and bank records reconcile within configured rules.",0.99,FINAL,AVAILABLE,FOUND,FOUND,PAYMENT_ID,SET500401,BANK900401,4911.5,4911.5,4911.5,False,
PAY100402,EXCEPTION,"Settlement amount mismatch. Expected ₹8349.55, recorded ₹8099.55.",0.9,FINAL,AVAILABLE,FOUND,FOUND,PAYMENT_ID,SET500402,BANK900402,8349.55,8099.55,8099.55,False,
PAY100403,EXCEPTION,No corresponding settlement record was found for the payment.,0.98,FINAL,AVAILABLE,NOT_FOUND,UNKNOWN,NO_SETTLEMENT,,,,,,False,
PAY100404,EXCEPTION,Settlement occurred outside the configured settlement window.,0.97,FINAL,AVAILABLE,FOUND,FOUND,PAYMENT_ID,SET500404,BANK900404,4941.0,4941.0,4941.0,False,
PAY100405,MATCHED,"Payment, settlement, and bank records reconcile within configured rules.",0.99,FINAL,AVAILABLE,FOUND,FOUND,PAYMENT_ID,SET500405,BANK900405,2470.5,2470.5,2470.5,False,
PAY100406,EXCEPTION,"Settlement amount mismatch. Expected ₹8349.55, recorded ₹8099.55.",0.9,FINAL,AVAILABLE,FOUND,FOUND,PAYMENT_ID,SET500406,BANK900406,8349.55,8099.55,8099.55,False,
PAY100407,MATCHED,"Payment, settlement, and bank records reconcile within configured rules.",0.99,FINAL,AVAILABLE,FOUND,FOUND,PAYMENT_ID,SET500407,BANK900407,24705.0,24705.0,24705.0,False,
PAY100408,MATCHED,"Payment, settlement, and bank records reconcile within configured rules.",0.99,FINAL,AVAILABLE,FOUND,FOUND,PAYMENT_ID,SET500408,BANK900408,4941.0,4941.0,4941.0,False,
PAY100409,MATCHED,"Payment, settlement, and bank records reconcile within configured rules.",0.99,FINAL,AVAILABLE,FOUND,FOUND,PAYMENT_ID,SET500409,BANK900409,74115.0,74115.0,74115.0,False,
PAY100410,MATCHED,"Payment, settlement, and bank records reconcile within configured rules.",0.99,FINAL,AVAILABLE,FOUND,FOUND,PAYMENT_ID,SET500410,BANK900410,494.1,494.1,494.1,False,
PAY100411,MATCHED,"Payment, settlement, and bank records reconcile within configured rules.",0.99,FINAL,AVAILABLE,FOUND,FOUND,PAYMENT_ID,SET500411,BANK900411,4941.0,4941.0,4941.0,False,
PAY100412,EXCEPTION,"Settlement amount mismatch. Expected ₹4941.00, recorded ₹4791.00.",0.9,FINAL,AVAILABLE,FOUND,FOUND,PAYMENT_ID,SET500412,BANK900412,4941.0,4791.0,4791.0,False,
PAY100413,MATCHED,"Payment, settlement, and bank records reconcile within configured rules.",0.99,FINAL,AVAILABLE,FOUND,FOUND,PAYMENT_ID,SET500413,BANK900413,98230.0,98230.0,98230.0,False,
PAY100414,EXCEPTION,"Settlement amount mismatch. Expected ₹736.73, recorded ₹442.04.",0.9,FINAL,AVAILABLE,FOUND,FOUND,PAYMENT_ID,SET500414,BANK900414,736.73,442.04,442.04,False,
PAY100415,EXCEPTION,"Partial settlement detected. Expected ₹4941.00, received ₹2964.60.",0.98,FINAL,AVAILABLE,FOUND,FOUND,PAYMENT_ID,SET500415,BANK900415,4941.0,2964.6,2964.6,False,
PAY100416,MATCHED,"Payment, settlement, and bank records reconcile within configured rules.",0.99,FINAL,AVAILABLE,FOUND,FOUND,PAYMENT_ID,SET500416,BANK900416,494.1,494.1,494.1,False,
PAY100417,EXCEPTION,"Settlement amount mismatch. Expected ₹74115.00, recorded ₹73615.00.",0.9,FINAL,AVAILABLE,FOUND,FOUND,PAYMENT_ID,SET500417,BANK900417,74115.0,73615.0,73615.0,False,
PAY100418,EXCEPTION,"Partial settlement detected. Expected ₹98230.00, received ₹49115.00.",0.98,FINAL,AVAILABLE,FOUND,FOUND,PAYMENT_ID,SET500418,BANK900418,98230.0,49115.0,49115.0,False,
PAY100419,MATCHED,"Payment, settlement, and bank records reconcile within configured rules.",0.99,FINAL,AVAILABLE,FOUND,FOUND,PAYMENT_ID,SET500419,BANK900419,4941.0,4941.0,4941.0,False,
PAY100420,EXCEPTION,Settlement exists but bank credit was not found.,0.95,FINAL,AVAILABLE,FOUND,NOT_FOUND,PAYMENT_ID,SET500420,,2470.5,2470.5,,False,
PAY100421,MATCHED,"Payment, settlement, and bank records reconcile within configured rules.",0.99,FINAL,AVAILABLE,FOUND,FOUND,PAYMENT_ID,SET500421,BANK900421,24705.0,24705.0,24705.0,False,
PAY100422,EXCEPTION,"Settlement amount mismatch. Expected ₹98230.00, recorded ₹98080.00.",0.9,FINAL,AVAILABLE,FOUND,FOUND,PAYMENT_ID,SET500422,BANK900422,98230.0,98080.0,98080.0,False,
PAY100423,MATCHED,"Payment, settlement, and bank records reconcile within configured rules.",0.99,FINAL,AVAILABLE,FOUND,FOUND,PAYMENT_ID,SET500423,BANK900423,73672.5,73672.5,73672.5,False,
PAY100424,MATCHED,"Payment, settlement, and bank records reconcile within configured rules.",0.99,FINAL,AVAILABLE,FOUND,FOUND,PAYMENT_ID,SET500424,BANK900424,8399.7,8399.7,8399.7,False,
PAY100425,EXCEPTION,No corresponding settlement record was found for the payment.,0.98,FINAL,AVAILABLE,NOT_FOUND,UNKNOWN,NO_SETTLEMENT,,,,,,False,
PAY100426,MATCHED,"Payment, settlement, and bank records reconcile within configured rules.",0.99,FINAL,AVAILABLE,FOUND,FOUND,PAYMENT_ID,SET500426,BANK900426,24557.5,24557.5,24557.5,False,
PAY100427,MATCHED,"Payment, settlement, and bank records reconcile within configured rules.",0.99,FINAL,AVAILABLE,FOUND,FOUND,PAYMENT_ID,SET500427,BANK900427,49410.0,49410.0,49410.0,False,
PAY100428,MATCHED,"Payment, settlement, and bank records reconcile within configured rules.",0.99,FINAL,AVAILABLE,FOUND,FOUND,PAYMENT_ID,SET500428,BANK900428,11858.4,11858.4,11858.4,False,
PAY100429,EXCEPTION,"Settlement amount mismatch. Expected ₹49410.00, recorded ₹49260.00.",0.9,FINAL,AVAILABLE,FOUND,FOUND,PAYMENT_ID,SET500429,BANK900429,49410.0,49260.0,49260.0,False,
PAY100430,EXCEPTION,"Settlement amount mismatch. Expected ₹1178.76, recorded ₹1078.76.",0.9,FINAL,AVAILABLE,FOUND,FOUND,PAYMENT_ID,SET500430,BANK900430,1178.76,1078.76,1078.76,False,
PAY100431,EXCEPTION,Duplicate payment record detected.,0.99,FINAL,AVAILABLE,UNKNOWN,UNKNOWN,DUPLICATE_DETECTION,,,,,,False,
PAY200431,EXCEPTION,Duplicate payment record detected.,0.99,FINAL,AVAILABLE,UNKNOWN,UNKNOWN,DUPLICATE_DETECTION,,,,,,False,
PAY100432,MATCHED,"Payment, settlement, and bank records reconcile within configured rules.",0.99,FINAL,AVAILABLE,FOUND,FOUND,PAYMENT_ID,SET500432,BANK900432,74115.0,74115.0,74115.0,False,
PAY100433,MATCHED,"Payment, settlement, and bank records reconcile within configured rules.",0.99,FINAL,AVAILABLE,FOUND,FOUND,PAYMENT_ID,SET500433,BANK900433,24557.5,24557.5,24557.5,False,
PAY100434,MATCHED,"Payment, settlement, and bank records reconcile within configured rules.",0.99,FINAL,AVAILABLE,FOUND,FOUND,PAYMENT_ID,SET500434,BANK900434,98820.0,98820.0,98820.0,False,
PAY100435,MATCHED,"Payment, settlement, and bank records reconcile within configured rules.",0.99,FINAL,AVAILABLE,FOUND,FOUND,PAYMENT_ID,SET500435,BANK900435,1178.76,1178.76,1178.76,False,
PAY100436,MATCHED,"Payment, settlement, and bank records reconcile within configured rules.",0.99,FINAL,AVAILABLE,FOUND,FOUND,PAYMENT_ID,SET500436,BANK900436,24705.0,24705.0,24705.0,False,
PAY100437,MATCHED,"Payment, settlement, and bank records reconcile within configured rules.",0.99,FINAL,AVAILABLE,FOUND,FOUND,PAYMENT_ID,SET500437,BANK900437,4941.0,4941.0,4941.0,False,
PAY100438,MATCHED,"Payment, settlement, and bank records reconcile within configured rules.",0.99,FINAL,AVAILABLE,FOUND,FOUND,PAYMENT_ID,SET500438,BANK900438,494.1,494.1,494.1,False,
PAY100439,EXCEPTION,No corresponding settlement record was found for the payment.,0.98,FINAL,AVAILABLE,NOT_FOUND,UNKNOWN,NO_SETTLEMENT,,,,,,False,
PAY100440,MATCHED,"Payment, settlement, and bank records reconcile within configured rules.",0.99,FINAL,AVAILABLE,FOUND,FOUND,PAYMENT_ID,SET500440,BANK900440,494.1,494.1,494.1,False,
PAY100441,EXCEPTION,Duplicate payment record detected.,0.99,FINAL,AVAILABLE,UNKNOWN,UNKNOWN,DUPLICATE_DETECTION,,,,,,False,
PAY200441,EXCEPTION,Duplicate payment record detected.,0.99,FINAL,AVAILABLE,UNKNOWN,UNKNOWN,DUPLICATE_DETECTION,,,,,,False,
PAY100442,MATCHED,"Payment, settlement, and bank records reconcile within configured rules.",0.99,FINAL,AVAILABLE,FOUND,FOUND,PAYMENT_ID,SET500442,BANK900442,8349.55,8349.55,8349.55,False,
PAY100443,EXCEPTION,"Settlement amount mismatch. Expected ₹736.73, recorded ₹486.73.",0.9,FINAL,AVAILABLE,FOUND,FOUND,PAYMENT_ID,SET500443,BANK900443,736.73,486.73,486.73,False,
PAY100444,MATCHED,"Payment, settlement, and bank records reconcile within configured rules.",0.99,FINAL,AVAILABLE,FOUND,FOUND,PAYMENT_ID,SET500444,BANK900444,1185.84,1185.84,1185.84,False,
PAY100445,EXCEPTION,Duplicate payment record detected.,0.99,FINAL,AVAILABLE,UNKNOWN,UNKNOWN,DUPLICATE_DETECTION,,,,,,False,
PAY200445,EXCEPTION,Duplicate payment record detected.,0.99,FINAL,AVAILABLE,UNKNOWN,UNKNOWN,DUPLICATE_DETECTION,,,,,,False,
PAY100446,MATCHED,"Payment, settlement, and bank records reconcile within configured rules.",0.99,FINAL,AVAILABLE,FOUND,FOUND,PAYMENT_ID,SET500446,BANK900446,98820.0,98820.0,98820.0,False,
PAY100447,MATCHED,"Payment, settlement, and bank records reconcile within configured rules.",0.99,FINAL,AVAILABLE,FOUND,FOUND,PAYMENT_ID,SET500447,BANK900447,4941.0,4941.0,4941.0,False,
PAY100448,MATCHED,"Payment, settlement, and bank records reconcile within configured rules.",0.99,FINAL,AVAILABLE,FOUND,FOUND,PAYMENT_ID,SET500448,BANK900448,74115.0,74115.0,74115.0,False,
PAY100449,EXCEPTION,"Settlement amount mismatch. Expected ₹11858.40, recorded ₹9358.40.",0.9,FINAL,AVAILABLE,FOUND,FOUND,PAYMENT_ID,SET500449,BANK900449,11858.4,9358.4,9358.4,False,
PAY100450,MATCHED,"Payment, settlement, and bank records reconcile within configured rules.",0.99,FINAL,AVAILABLE,FOUND,FOUND,PAYMENT_ID,SET500450,BANK900450,24557.5,24557.5,24557.5,False,
PAY100451,MATCHED,"Payment, settlement, and bank records reconcile within configured rules.",0.99,FINAL,AVAILABLE,FOUND,FOUND,PAYMENT_ID,SET500451,BANK900451,49410.0,49410.0,49410.0,False,
PAY100452,EXCEPTION,Settlement exists but bank credit was not found.,0.95,FINAL,AVAILABLE,FOUND,NOT_FOUND,PAYMENT_ID,SET500452,,73672.5,73672.5,,False,
PAY100453,MATCHED,"Payment, settlement, and bank records reconcile within configured rules.",0.99,FINAL,AVAILABLE,FOUND,FOUND,PAYMENT_ID,SET500453,BANK900453,98820.0,98820.0,98820.0,False,
PAY100454,MATCHED,"Payment, settlement, and bank records reconcile within configured rules.",0.99,FINAL,AVAILABLE,FOUND,FOUND,PAYMENT_ID,SET500454,BANK900454,741.15,741.15,741.15,False,
PAY100455,EXCEPTION,Settlement occurred outside the configured settlement window.,0.97,FINAL,AVAILABLE,FOUND,FOUND,PAYMENT_ID,SET500455,BANK900455,24557.5,24557.5,24557.5,False,
PAY100456,MATCHED,"Payment, settlement, and bank records reconcile within configured rules.",0.99,FINAL,AVAILABLE,FOUND,FOUND,PAYMENT_ID,SET500456,BANK900456,24705.0,24705.0,24705.0,False,
PAY100457,EXCEPTION,"Partial settlement detected. Expected ₹491.15, received ₹-508.85.",0.98,FINAL,AVAILABLE,FOUND,FOUND,PAYMENT_ID,SET500457,BANK900457,491.15,-508.85,-508.85,False,
PAY100458,EXCEPTION,No corresponding settlement record was found for the payment.,0.98,FINAL,AVAILABLE,NOT_FOUND,UNKNOWN,NO_SETTLEMENT,,,,,,False,
PAY100459,MATCHED,"Payment, settlement, and bank records reconcile within configured rules.",0.99,FINAL,AVAILABLE,FOUND,FOUND,PAYMENT_ID,SET500459,BANK900459,11858.4,11858.4,11858.4,False,
PAY100460,EXCEPTION,Duplicate payment record detected.,0.99,FINAL,AVAILABLE,UNKNOWN,UNKNOWN,DUPLICATE_DETECTION,,,,,,False,
PAY200460,EXCEPTION,Duplicate payment record detected.,0.99,FINAL,AVAILABLE,UNKNOWN,UNKNOWN,DUPLICATE_DETECTION,,,,,,False,
PAY100461,EXCEPTION,Settlement exists but bank credit was not found.,0.95,FINAL,AVAILABLE,FOUND,NOT_FOUND,PAYMENT_ID,SET500461,,494.1,494.1,,False,
PAY100462,MATCHED,"Payment, settlement, and bank records reconcile within configured rules.",0.99,FINAL,AVAILABLE,FOUND,FOUND,PAYMENT_ID,SET500462,BANK900462,1185.84,1185.84,1185.84,False,
PAY100463,EXCEPTION,"Partial settlement detected. Expected ₹8399.70, received ₹4199.85.",0.98,FINAL,AVAILABLE,FOUND,FOUND,PAYMENT_ID,SET500463,BANK900463,8399.7,4199.85,4199.85,False,
PAY100464,EXCEPTION,Duplicate payment record detected.,0.99,FINAL,AVAILABLE,UNKNOWN,UNKNOWN,DUPLICATE_DETECTION,,,,,,False,
PAY200464,EXCEPTION,Duplicate payment record detected.,0.99,FINAL,AVAILABLE,UNKNOWN,UNKNOWN,DUPLICATE_DETECTION,,,,,,False,
PAY100465,MATCHED,"Payment, settlement, and bank records reconcile within configured rules.",0.99,FINAL,AVAILABLE,FOUND,FOUND,PAYMENT_ID,SET500465,BANK900465,49410.0,49410.0,49410.0,False,
PAY100466,EXCEPTION,"Settlement amount mismatch. Expected ₹98820.00, recorded ₹98670.00.",0.9,FINAL,AVAILABLE,FOUND,FOUND,PAYMENT_ID,SET500466,BANK900466,98820.0,98670.0,98670.0,False,
PAY100467,MATCHED,"Payment, settlement, and bank records reconcile within configured rules.",0.99,FINAL,AVAILABLE,FOUND,FOUND,PAYMENT_ID,SET500467,BANK900467,11858.4,11858.4,11858.4,False,
PAY100468,MATCHED,"Payment, settlement, and bank records reconcile within configured rules.",0.99,FINAL,AVAILABLE,FOUND,FOUND,PAYMENT_ID,SET500468,BANK900468,11858.4,11858.4,11858.4,False,
PAY100469,MATCHED,"Payment, settlement, and bank records reconcile within configured rules.",0.99,FINAL,AVAILABLE,FOUND,FOUND,PAYMENT_ID,SET500469,BANK900469,4941.0,4941.0,4941.0,False,
PAY100470,EXCEPTION,"Settlement amount mismatch. Expected ₹8349.55, recorded ₹5849.55.",0.9,FINAL,AVAILABLE,FOUND,FOUND,PAYMENT_ID,SET500470,BANK900470,8349.55,5849.55,5849.55,False,
PAY100471,EXCEPTION,No corresponding settlement record was found for the payment.,0.98,FINAL,AVAILABLE,NOT_FOUND,UNKNOWN,NO_SETTLEMENT,,,,,,False,
PAY100472,EXCEPTION,"Settlement amount mismatch. Expected ₹49410.00, recorded ₹49260.00.",0.9,FINAL,AVAILABLE,FOUND,FOUND,PAYMENT_ID,SET500472,BANK900472,49410.0,49260.0,49260.0,False,
PAY100473,EXCEPTION,No corresponding settlement record was found for the payment.,0.98,FINAL,AVAILABLE,NOT_FOUND,UNKNOWN,NO_SETTLEMENT,,,,,,False,
PAY100474,MATCHED,"Payment, settlement, and bank records reconcile within configured rules.",0.99,FINAL,AVAILABLE,FOUND,FOUND,PAYMENT_ID,SET500474,BANK900474,98820.0,98820.0,98820.0,False,
PAY100475,MATCHED,"Payment, settlement, and bank records reconcile within configured rules.",0.99,FINAL,AVAILABLE,FOUND,FOUND,PAYMENT_ID,SET500475,BANK900475,49115.0,49115.0,49115.0,False,
PAY100476,MATCHED,"Payment, settlement, and bank records reconcile within configured rules.",0.99,FINAL,AVAILABLE,FOUND,FOUND,PAYMENT_ID,SET500476,BANK900476,1185.84,1185.84,1185.84,False,
PAY100477,EXCEPTION,"Settlement amount mismatch. Expected ₹4911.50, recorded ₹4761.50.",0.9,FINAL,AVAILABLE,FOUND,FOUND,PAYMENT_ID,SET500477,BANK900477,4911.5,4761.5,4761.5,False,
PAY100478,MATCHED,"Payment, settlement, and bank records reconcile within configured rules.",0.99,FINAL,AVAILABLE,FOUND,FOUND,PAYMENT_ID,SET500478,BANK900478,49410.0,49410.0,49410.0,False,
PAY100479,MATCHED,"Payment, settlement, and bank records reconcile within configured rules.",0.99,FINAL,AVAILABLE,FOUND,FOUND,PAYMENT_ID,SET500479,BANK900479,2470.5,2470.5,2470.5,False,
PAY100480,MATCHED,"Payment, settlement, and bank records reconcile within configured rules.",0.99,FINAL,AVAILABLE,FOUND,FOUND,PAYMENT_ID,SET500480,BANK900480,24705.0,24705.0,24705.0,False,
PAY100481,MATCHED,"Payment, settlement, and bank records reconcile within configured rules.",0.99,FINAL,AVAILABLE,FOUND,FOUND,PAYMENT_ID,SET500481,BANK900481,98820.0,98820.0,98820.0,False,
PAY100482,MATCHED,"Payment, settlement, and bank records reconcile within configured rules.",0.99,FINAL,AVAILABLE,FOUND,FOUND,PAYMENT_ID,SET500482,BANK900482,4941.0,4941.0,4941.0,False,
PAY100483,MATCHED,"Payment, settlement, and bank records reconcile within configured rules.",0.99,FINAL,AVAILABLE,FOUND,FOUND,PAYMENT_ID,SET500483,BANK900483,24557.5,24557.5,24557.5,False,
PAY100484,MATCHED,"Payment, settlement, and bank records reconcile within configured rules.",0.99,FINAL,AVAILABLE,FOUND,FOUND,PAYMENT_ID,SET500484,BANK900484,49410.0,49410.0,49410.0,False,
PAY100485,EXCEPTION,"Settlement amount mismatch. Expected ₹98230.00, recorded ₹98180.00.",0.9,FINAL,AVAILABLE,FOUND,FOUND,PAYMENT_ID,SET500485,BANK900485,98230.0,98180.0,98180.0,False,
PAY100486,MATCHED,"Payment, settlement, and bank records reconcile within configured rules.",0.99,FINAL,AVAILABLE,FOUND,FOUND,PAYMENT_ID,SET500486,BANK900486,98820.0,98820.0,98820.0,False,
PAY100487,MATCHED,"Payment, settlement, and bank records reconcile within configured rules.",0.99,FINAL,AVAILABLE,FOUND,FOUND,PAYMENT_ID,SET500487,BANK900487,4941.0,4941.0,4941.0,False,
PAY100488,EXCEPTION,Settlement occurred outside the configured settlement window.,0.97,FINAL,AVAILABLE,FOUND,FOUND,PAYMENT_ID,SET500488,BANK900488,11787.6,11787.6,11787.6,False,
PAY100489,UNRESOLVED,Multiple settlement candidates found. Unique reconciliation cannot be established.,0.6,HUMAN_REVIEW,AVAILABLE,MULTIPLE_CANDIDATES,UNKNOWN,NONE,,,,,,True,Multiple possible settlement records require manual verification.
PAY100490,EXCEPTION,No corresponding settlement record was found for the payment.,0.98,FINAL,AVAILABLE,NOT_FOUND,UNKNOWN,NO_SETTLEMENT,,,,,,False,
PAY100491,MATCHED,"Payment, settlement, and bank records reconcile within configured rules.",0.99,FINAL,AVAILABLE,FOUND,FOUND,PAYMENT_ID,SET500491,BANK900491,2470.5,2470.5,2470.5,False,
PAY100492,EXCEPTION,No corresponding settlement record was found for the payment.,0.98,FINAL,AVAILABLE,NOT_FOUND,UNKNOWN,NO_SETTLEMENT,,,,,,False,
PAY100493,MATCHED,"Payment, settlement, and bank records reconcile within configured rules.",0.99,FINAL,AVAILABLE,FOUND,FOUND,PAYMENT_ID,SET500493,BANK900493,73672.5,73672.5,73672.5,False,
PAY100494,MATCHED,"Payment, settlement, and bank records reconcile within configured rules.",0.99,FINAL,AVAILABLE,FOUND,FOUND,PAYMENT_ID,SET500494,BANK900494,8399.7,8399.7,8399.7,False,
PAY100495,MATCHED,"Payment, settlement, and bank records reconcile within configured rules.",0.99,FINAL,AVAILABLE,FOUND,FOUND,PAYMENT_ID,SET500495,BANK900495,4941.0,4941.0,4941.0,False,
PAY100496,MATCHED,"Payment, settlement, and bank records reconcile within configured rules.",0.99,FINAL,AVAILABLE,FOUND,FOUND,PAYMENT_ID,SET500496,BANK900496,736.73,736.73,736.73,False,
PAY100497,EXCEPTION,No corresponding settlement record was found for the payment.,0.98,FINAL,AVAILABLE,NOT_FOUND,UNKNOWN,NO_SETTLEMENT,,,,,,False,
PAY100498,MATCHED,"Payment, settlement, and bank records reconcile within configured rules.",0.99,FINAL,AVAILABLE,FOUND,FOUND,PAYMENT_ID,SET500498,BANK900498,2455.75,2455.75,2455.75,False,
PAY100499,MATCHED,"Payment, settlement, and bank records reconcile within configured rules.",0.99,FINAL,AVAILABLE,FOUND,FOUND,PAYMENT_ID,SET500499,BANK900499,8349.55,8349.55,8349.55,False,
PAY100500,EXCEPTION,"Settlement amount mismatch. Expected ₹98230.00, recorded ₹98080.00.",0.9,FINAL,AVAILABLE,FOUND,FOUND,PAYMENT_ID,SET500500,BANK900500,98230.0,98080.0,98080.0,False,
