settlement_id,payment_id,merchant_id,settlement_date,gross_amount,processing_fee,tax,adjustment,net_amount,settlement_status,reference_id
SET500001,PAY100001,MER002,2026-08-22,8500,127.5,22.95,0.0,8349.55,SETTLED,ORD-735656
SET500002,PAY100002,MER004,2026-08-21,12000,120.0,21.6,0.0,11858.4,SETTLED,ORD-645175
SET500003,PAY100003,MER018,2026-08-14,8500,85.0,15.3,0.0,8399.7,SETTLED,ORD-429164
SET500004,PAY100004,MER004,2026-08-19,8500,127.5,22.95,0.0,8349.55,SETTLED,ORD-831076
SET500005,PAY100005,MER018,2026-08-09,100000,1000.0,180.0,0.0,98820.0,SETTLED,ORD-282480
SET500006,PAY100006,MER019,2026-08-15,5000,75.0,13.5,0.0,4911.5,SETTLED,ORD-320392
SET500007,PAY100007,MER019,2026-08-17,2500,25.0,4.5,0.0,2370.5,SETTLED,ORD-596171
SET500008,PAY100008,MER003,2026-08-19,8500,85.0,15.3,0.0,8399.7,SETTLED,ORD-958179
SET500009,PAY100009,MER010,2026-08-09,2500,37.5,6.75,0.0,2455.75,SETTLED,ORD-740967
SET500010,PAY100010,MER015,2026-08-23,12000,180.0,32.4,0.0,11687.6,SETTLED,ORD-519066
SET500011,PAY100011,MER001,2026-08-16,50000,750.0,135.0,0.0,49115.0,SETTLED,ORD-152657
SET500012,PAY100012,MER018,2026-08-06,25000,250.0,45.0,0.0,24705.0,SETTLED,ORD-656932
SET500013,PAY100013,MER020,2026-08-17,50000,750.0,135.0,0.0,49115.0,SETTLED,ORD-970914
SET500014,PAY100014,MER015,2026-08-18,2500,25.0,4.5,0.0,2470.5,SETTLED,ORD-390782
SET500015,PAY100015,MER016,2026-08-11,5000,50.0,9.0,0.0,3941.0,SETTLED,ORD-384913
SET500016,PAY100016,MER018,2026-08-07,1200,12.0,2.16,0.0,1185.84,SETTLED,ORD-324345
SET500018,PAY100018,MER013,2026-08-21,8500,127.5,22.95,0.0,8349.55,SETTLED,ORD-890075
SET500019,PAY100019,MER014,2026-08-20,2500,37.5,6.75,0.0,2455.75,SETTLED,ORD-330080
SET500020,PAY100020,MER014,2026-08-03,100000,1500.0,270.0,0.0,98230.0,SETTLED,ORD-859359
SET500021,PAY100021,MER015,2026-08-22,12000,120.0,21.6,0.0,7115.04,SETTLED,ORD-691807
SET500022,PAY100022,MER003,2026-08-07,500,7.5,1.35,0.0,341.15,SETTLED,ORD-497519
SET500023,PAY100023,MER015,2026-08-13,5000,75.0,13.5,0.0,4911.5,SETTLED,ORD-364525
SET500024,PAY100024,MER016,2026-08-20,100000,1000.0,180.0,0.0,98820.0,SETTLED,ORD-919182
SET500025,PAY100025,MER002,2026-08-10,75000,750.0,135.0,0.0,74115.0,SETTLED,ORD-350132
SET500026,PAY100026,MER016,2026-08-24,5000,75.0,13.5,0.0,4911.5,SETTLED,ORD-275939
SET500027,PAY100027,MER010,2026-08-21,75000,750.0,135.0,0.0,74115.0,SETTLED,ORD-493537
SET500028,PAY100028,MER007,2026-08-21,2500,25.0,4.5,0.0,2470.5,SETTLED,ORD-831059
SET500029,PAY100029,MER020,2026-08-21,50000,750.0,135.0,0.0,49115.0,SETTLED,ORD-793655
SET500030,PAY100030,MER003,2026-08-23,12000,180.0,32.4,0.0,11787.6,SETTLED,ORD-210665
SET500031,PAY100031,MER012,2026-08-07,50000,500.0,90.0,0.0,49410.0,SETTLED,ORD-383201
SET500032,PAY100032,MER018,2026-08-17,75000,1125.0,202.5,0.0,73672.5,SETTLED,ORD-437960
SET500033,PAY100033,MER003,2026-08-17,75000,750.0,135.0,0.0,74115.0,SETTLED,ORD-800646
SET500034,PAY100034,MER011,2026-08-18,25000,250.0,45.0,0.0,24705.0,SETTLED,ORD-472060
SET500035,PAY100035,MER011,2026-08-22,50000,500.0,90.0,0.0,49410.0,SETTLED,ORD-641722
SET500036,PAY100036,MER003,2026-08-16,2500,25.0,4.5,0.0,2470.5,SETTLED,ORD-599219
SET500037,PAY100037,MER016,2026-08-03,12000,120.0,21.6,0.0,11858.4,SETTLED,ORD-355123
SET500038,PAY100038,MER019,2026-08-18,12000,120.0,21.6,0.0,11858.4,SETTLED,ORD-677124
SET500039,PAY100039,MER012,2026-08-11,750,7.5,1.35,0.0,741.15,SETTLED,ORD-301939
SET500040,PAY100040,MER004,2026-08-08,25000,375.0,67.5,0.0,24557.5,SETTLED,ORD-859782
SET500042,PAY100042,MER001,2026-08-07,50000,750.0,135.0,0.0,49115.0,SETTLED,ORD-831295
SET500043,PAY100043,MER016,2026-08-03,25000,375.0,67.5,0.0,24557.5,SETTLED,ORD-457256
SET500044,PAY100044,MER002,2026-08-18,12000,180.0,32.4,0.0,11787.6,SETTLED,ORD-177680
SET500045,PAY100045,MER002,2026-08-07,750,7.5,1.35,0.0,741.15,SETTLED,ORD-224205
SET500046,PAY100046,MER018,2026-08-22,2500,25.0,4.5,0.0,2470.5,SETTLED,ORD-498855
SET500047,PAY100047,MER015,2026-08-21,75000,750.0,135.0,0.0,74115.0,SETTLED,ORD-739244
SET500048,PAY100048,MER007,2026-08-11,2500,25.0,4.5,0.0,2420.5,SETTLED,ORD-678805
SET500049,PAY100049,MER001,2026-08-17,5000,50.0,9.0,0.0,4941.0,SETTLED,ORD-342720
SET500050,PAY100050,MER010,2026-08-05,5000,50.0,9.0,0.0,4941.0,SETTLED,ORD-718439
SET500051,PAY100051,MER007,2026-08-06,1200,18.0,3.24,0.0,1178.76,SETTLED,ORD-966785
SET500052,PAY100052,MER003,2026-08-08,75000,1125.0,202.5,0.0,73672.5,SETTLED,ORD-560485
SET500053,PAY100053,MER015,2026-08-15,25000,375.0,67.5,0.0,14734.5,SETTLED,ORD-184349
SET500054,PAY100054,MER014,2026-08-22,2500,25.0,4.5,0.0,2420.5,SETTLED,ORD-976566
SET500055,PAY100055,MER019,2026-08-08,25000,375.0,67.5,0.0,24557.5,SETTLED,ORD-290305
SET500056,PAY100056,MER014,2026-08-05,8500,127.5,22.95,0.0,8349.55,SETTLED,ORD-802685
SET500057,PAY100057,MER006,2026-08-16,100000,1500.0,270.0,0.0,98230.0,SETTLED,ORD-953085
SET500058,PAY100058,MER002,2026-08-05,750,11.25,2.02,0.0,736.73,SETTLED,ORD-639593
SET500059,PAY100059,MER018,2026-08-16,8500,85.0,15.3,0.0,8399.7,SETTLED,ORD-893188
SET500061,PAY100061,MER004,2026-08-23,1200,18.0,3.24,0.0,1178.76,SETTLED,ORD-677596
SET500063,PAY100063,MER005,2026-08-12,12000,180.0,32.4,0.0,11787.6,SETTLED,ORD-595158
SET500064,PAY100064,MER015,2026-08-15,50000,500.0,90.0,0.0,49410.0,SETTLED,ORD-243139
SET500065,PAY100065,MER009,2026-08-13,500,7.5,1.35,0.0,491.15,SETTLED,ORD-861319
SET500066,PAY100066,MER019,2026-08-07,8500,127.5,22.95,0.0,8349.55,SETTLED,ORD-678727
SET500067,PAY100067,MER013,2026-08-13,2500,25.0,4.5,0.0,2370.5,SETTLED,ORD-501574
SET500068,PAY100068,MER002,2026-08-18,12000,180.0,32.4,0.0,11787.6,SETTLED,ORD-795928
SET500070,PAY100070,MER004,2026-08-17,12000,120.0,21.6,0.0,4150.44,SETTLED,ORD-261859
SET500071,PAY100071,MER009,2026-08-22,750,11.25,2.02,0.0,736.73,SETTLED,ORD-993744
SET500072,PAY100072,MER013,2026-08-26,25000,250.0,45.0,0.0,24705.0,SETTLED,ORD-137642
SET500073,PAY100073,MER010,2026-08-05,100000,1000.0,180.0,0.0,98820.0,SETTLED,ORD-205389
SET500074,PAY100074,MER006,2026-08-03,500,7.5,1.35,0.0,341.15,SETTLED,ORD-475876
SET500075,PAY100075,MER005,2026-08-19,1200,12.0,2.16,0.0,1185.84,SETTLED,ORD-283573
SET500076,PAY100076,MER003,2026-08-22,75000,750.0,135.0,0.0,74115.0,SETTLED,ORD-343467
SET500077,PAY100077,MER015,2026-08-17,25000,375.0,67.5,0.0,24557.5,SETTLED,ORD-810526
SET500078,PAY100078,MER006,2026-08-17,100000,1500.0,270.0,0.0,98080.0,SETTLED,ORD-823846
SET500079,PAY100079,MER010,2026-08-15,2500,37.5,6.75,0.0,2455.75,SETTLED,ORD-699704
SET500080,PAY100080,MER019,2026-08-12,12000,180.0,32.4,0.0,11787.6,SETTLED,ORD-108491
SET500081,PAY100081,MER002,2026-08-12,75000,1125.0,202.5,0.0,73672.5,SETTLED,ORD-329642
SET500082,PAY100082,MER007,2026-08-07,100000,1000.0,180.0,0.0,98820.0,SETTLED,ORD-141337
SET500083,PAY100083,MER015,2026-08-21,750,11.25,2.02,0.0,442.04,SETTLED,ORD-442589
SET500084,PAY100084,MER006,2026-08-07,8500,85.0,15.3,0.0,8399.7,SETTLED,ORD-626169
SET500085,PAY100085,MER006,2026-08-18,8500,85.0,15.3,0.0,8399.7,SETTLED,ORD-591081
SET500086,PAY100086,MER003,2026-08-10,100000,1500.0,270.0,0.0,98230.0,SETTLED,ORD-986827
SET500088,PAY100088,MER019,2026-08-23,2500,37.5,6.75,0.0,2455.75,SETTLED,ORD-126240
SET500089,PAY100089,MER018,2026-08-22,100000,1500.0,270.0,0.0,98230.0,SETTLED,ORD-835132
SET500090,PAY100090,MER014,2026-08-07,25000,250.0,45.0,0.0,24705.0,SETTLED,ORD-201913
SET500091,PAY100091,MER018,2026-08-15,50000,750.0,135.0,0.0,49115.0,SETTLED,ORD-715870
SET500092,PAY100092,MER014,2026-08-18,500,5.0,0.9,0.0,494.1,SETTLED,ORD-488528
SET500093,PAY100093,MER015,2026-08-10,100000,1500.0,270.0,0.0,98230.0,SETTLED,ORD-670913
SET500094,PAY100094,MER012,2026-08-15,25000,250.0,45.0,0.0,24705.0,SETTLED,ORD-794963
SET500095,PAY100095,MER020,2026-08-04,1200,12.0,2.16,0.0,1185.84,SETTLED,ORD-315173
SET500096,PAY100096,MER018,2026-08-21,2500,37.5,6.75,0.0,2455.75,SETTLED,ORD-911984
SET500097,PAY100097,MER020,2026-08-11,50000,750.0,135.0,0.0,49115.0,SETTLED,ORD-937302
SET500098,PAY100098,MER004,2026-08-07,2500,25.0,4.5,0.0,2470.5,SETTLED,ORD-439498
SET500099,PAY100099,MER006,2026-08-04,50000,500.0,90.0,0.0,49410.0,SETTLED,ORD-881886
SET500100,PAY100100,MER003,2026-08-17,75000,750.0,135.0,0.0,74115.0,SETTLED,ORD-573962
SET500101,PAY100101,MER008,2026-08-19,500,5.0,0.9,0.0,494.1,SETTLED,ORD-602248
SET500103,PAY100103,MER005,2026-08-07,75000,750.0,135.0,0.0,74115.0,SETTLED,ORD-846746
SET500105,PAY100105,MER018,2026-08-16,12000,180.0,32.4,0.0,11787.6,SETTLED,ORD-967611
SET500106,PAY100106,MER013,2026-08-06,100000,1500.0,270.0,0.0,98130.0,SETTLED,ORD-492483
SET500107,PAY100107,MER003,2026-08-05,8500,85.0,15.3,0.0,8399.7,SETTLED,ORD-683397
SET500108,PAY100108,MER019,2026-08-06,100000,1500.0,270.0,0.0,98230.0,SETTLED,ORD-856086
SET500109,PAY100109,MER002,2026-08-22,75000,750.0,135.0,0.0,74115.0,SETTLED,ORD-323072
SET500110,PAY100110,MER016,2026-08-06,8500,85.0,15.3,0.0,8249.7,SETTLED,ORD-899649
SET500111,PAY100111,MER008,2026-08-20,75000,750.0,135.0,0.0,74115.0,SETTLED,ORD-773918
SET500112,PAY100112,MER001,2026-08-03,5000,75.0,13.5,0.0,4911.5,SETTLED,ORD-468074
SET500113,PAY100113,MER001,2026-08-07,750,7.5,1.35,0.0,741.15,SETTLED,ORD-876962
SET500114,PAY100114,MER001,2026-08-19,25000,375.0,67.5,0.0,24557.5,SETTLED,ORD-265055
SET500116,PAY100116,MER002,2026-08-11,25000,250.0,45.0,0.0,23205.0,SETTLED,ORD-563516
SET500117,PAY100117,MER007,2026-08-06,5000,50.0,9.0,0.0,4941.0,SETTLED,ORD-811444
SET500118,PAY100118,MER016,2026-08-12,75000,750.0,135.0,0.0,74115.0,SETTLED,ORD-108060
SET500119,PAY100119,MER010,2026-08-07,8500,85.0,15.3,0.0,8399.7,SETTLED,ORD-108105
SET500120,PAY100120,MER014,2026-08-07,2500,25.0,4.5,0.0,2470.5,SETTLED,ORD-685864
SET500121,PAY100121,MER012,2026-08-15,12000,120.0,21.6,0.0,11858.4,SETTLED,ORD-582087
SET500122,PAY100122,MER011,2026-08-21,12000,180.0,32.4,0.0,11787.6,SETTLED,ORD-220768
SET500123,PAY100123,MER001,2026-08-08,8500,85.0,15.3,0.0,8149.7,SETTLED,ORD-557925
SET500124,PAY100124,MER014,2026-08-19,5000,50.0,9.0,0.0,4941.0,SETTLED,ORD-456005
SET500125,PAY100125,MER011,2026-08-05,50000,500.0,90.0,0.0,49410.0,SETTLED,ORD-303322
SET500126,PAY100126,MER012,2026-08-10,2500,25.0,4.5,0.0,2470.5,SETTLED,ORD-731661
SET500127,PAY100127,MER005,2026-08-08,25000,250.0,45.0,0.0,24705.0,SETTLED,ORD-896788
SET500128,PAY100128,MER015,2026-08-23,750,11.25,2.02,0.0,736.73,SETTLED,ORD-563688
SET500129,PAY100129,MER010,2026-08-21,750,11.25,2.02,0.0,736.73,SETTLED,ORD-584172
SET500130,PAY100130,MER002,2026-08-14,100000,1000.0,180.0,0.0,98570.0,SETTLED,ORD-744883
SET500131,PAY100131,MER019,2026-08-17,2500,37.5,6.75,0.0,2205.75,SETTLED,ORD-734394
SET500132,PAY100132,MER005,2026-08-17,8500,85.0,15.3,0.0,8399.7,SETTLED,ORD-188425
SET500133,PAY100133,MER006,2026-08-10,50000,500.0,90.0,0.0,49410.0,SETTLED,ORD-739427
SET500134,PAY100134,MER012,2026-08-12,8500,85.0,15.3,0.0,8149.7,SETTLED,ORD-726928
SET500135,PAY100135,MER011,2026-08-13,12000,180.0,32.4,0.0,11787.6,SETTLED,ORD-364236
SET500136,PAY100136,MER020,2026-08-13,1200,18.0,3.24,0.0,1178.76,SETTLED,ORD-425301
SET500137,PAY100137,MER013,2026-08-22,50000,750.0,135.0,0.0,49115.0,SETTLED,ORD-774751
SET500138,PAY100138,MER005,2026-08-05,50000,750.0,135.0,0.0,48965.0,SETTLED,ORD-119116
SET500140,PAY100140,MER010,2026-08-24,50000,500.0,90.0,0.0,49410.0,SETTLED,ORD-794083
SET500141,PAY100141,MER005,2026-08-07,75000,750.0,135.0,0.0,74115.0,SETTLED,ORD-856215
SET500142,PAY100142,MER002,2026-08-14,25000,250.0,45.0,0.0,14823.0,SETTLED,ORD-398768
SET500143,PAY100143,MER008,2026-08-10,25000,250.0,45.0,0.0,24705.0,SETTLED,ORD-485709
SET500144,PAY100144,MER015,2026-08-12,50000,750.0,135.0,0.0,49115.0,SETTLED,ORD-269930
SET500145,PAY100145,MER020,2026-08-11,8500,85.0,15.3,0.0,8399.7,SETTLED,ORD-207573
SET500146,PAY100146,MER004,2026-08-05,25000,250.0,45.0,0.0,24705.0,SETTLED,ORD-254506
SET500147,PAY100147,MER003,2026-08-17,12000,120.0,21.6,0.0,11858.4,SETTLED,ORD-515712
SET500148,PAY100148,MER017,2026-08-10,2500,25.0,4.5,0.0,2470.5,SETTLED,ORD-434165
SET500149,PAY100149,MER011,2026-08-07,25000,250.0,45.0,0.0,24705.0,SETTLED,ORD-971482
SET500150,PAY100150,MER016,2026-08-26,500,7.5,1.35,0.0,491.15,SETTLED,ORD-326130
SET500151,PAY100151,MER020,2026-08-16,2500,37.5,6.75,0.0,2455.75,SETTLED,ORD-227767
SET500152,PAY100152,MER008,2026-08-23,750,7.5,1.35,0.0,741.15,SETTLED,ORD-977330
SET500153,PAY100153,MER020,2026-08-03,2500,25.0,4.5,0.0,2470.5,SETTLED,ORD-250551
SET500154,PAY100154,MER014,2026-08-22,12000,120.0,21.6,0.0,11858.4,SETTLED,ORD-796643
SET500155,PAY100155,MER003,2026-08-14,50000,500.0,90.0,0.0,49360.0,SETTLED,ORD-681070
SET500156,PAY100156,MER016,2026-08-26,500,7.5,1.35,0.0,491.15,SETTLED,ORD-926823
SET500157,PAY100157,MER008,2026-08-21,1200,12.0,2.16,0.0,1035.84,SETTLED,ORD-469412
SET500158,PAY100158,MER006,2026-08-18,1200,12.0,2.16,0.0,1185.84,SETTLED,ORD-850827
SET500159,PAY100159,MER002,2026-08-09,500,7.5,1.35,0.0,294.69,SETTLED,ORD-425138
SET500160,PAY100160,MER018,2026-08-11,2500,37.5,6.75,0.0,2455.75,SETTLED,ORD-474314
SET500161,PAY100161,MER011,2026-08-06,12000,120.0,21.6,0.0,11858.4,SETTLED,ORD-561097
SET500162,PAY100162,MER011,2026-08-18,50000,750.0,135.0,0.0,49115.0,SETTLED,ORD-940064
SET500163,PAY100163,MER014,2026-08-16,50000,750.0,135.0,0.0,49115.0,SETTLED,ORD-436814
SET500164,PAY100164,MER003,2026-08-12,12000,120.0,21.6,0.0,11858.4,SETTLED,ORD-823270
SET500165,PAY100165,MER012,2026-08-04,8500,85.0,15.3,0.0,8249.7,SETTLED,ORD-556068
SET500166,PAY100166,MER002,2026-08-23,100000,1000.0,180.0,0.0,98720.0,SETTLED,ORD-132653
SET500167,PAY100167,MER015,2026-08-07,100000,1500.0,270.0,0.0,98230.0,SETTLED,ORD-479742
SET500168,PAY100168,MER019,2026-08-22,8500,127.5,22.95,0.0,8349.55,SETTLED,ORD-565504
SET500169,PAY100169,MER019,2026-08-19,100000,1500.0,270.0,0.0,98230.0,SETTLED,ORD-361736
SET500170,PAY100170,MER004,2026-08-08,50000,500.0,90.0,0.0,49410.0,SETTLED,ORD-374492
SET500171,PAY100171,MER009,2026-08-09,25000,250.0,45.0,0.0,24705.0,SETTLED,ORD-228594
SET500172,PAY100172,MER003,2026-08-08,100000,1500.0,270.0,0.0,98230.0,SETTLED,ORD-800280
SET500173,PAY100173,MER003,2026-08-12,100000,1000.0,180.0,0.0,98820.0,SETTLED,ORD-932250
SET500174,PAY100174,MER017,2026-08-06,2500,37.5,6.75,0.0,2455.75,SETTLED,ORD-127560
SET500175,PAY100175,MER018,2026-08-17,75000,750.0,135.0,0.0,74115.0,SETTLED,ORD-168941
SET500176,PAY100176,MER013,2026-08-19,75000,750.0,135.0,0.0,74115.0,SETTLED,ORD-231414
SET500177,PAY100177,MER003,2026-08-17,1200,12.0,2.16,0.0,1185.84,SETTLED,ORD-770872
SET500178,PAY100178,MER006,2026-08-16,500,5.0,0.9,0.0,494.1,SETTLED,ORD-643269
SET500179,PAY100179,MER010,2026-08-08,2500,37.5,6.75,0.0,2455.75,SETTLED,ORD-644103
SET500180,PAY100180,MER010,2026-08-16,5000,50.0,9.0,0.0,4941.0,SETTLED,ORD-755383
SET500181,PAY100181,MER018,2026-08-19,75000,750.0,135.0,0.0,74115.0,SETTLED,ORD-279516
SET500182,PAY100182,MER020,2026-08-21,500,5.0,0.9,0.0,494.1,SETTLED,ORD-147670
SET500183,PAY100183,MER019,2026-08-23,12000,120.0,21.6,0.0,11858.4,SETTLED,ORD-770030
SET500184,PAY100184,MER016,2026-08-17,2500,25.0,4.5,0.0,2470.5,SETTLED,ORD-525818
SET500185,PAY100185,MER003,2026-08-08,25000,250.0,45.0,0.0,24705.0,SETTLED,ORD-456717
SET500186,PAY100186,MER005,2026-08-13,12000,120.0,21.6,0.0,11858.4,SETTLED,ORD-897615
SET500187,PAY100187,MER017,2026-08-13,5000,75.0,13.5,0.0,4911.5,SETTLED,ORD-359961
SET500188,PAY100188,MER004,2026-08-12,12000,120.0,21.6,0.0,10858.4,SETTLED,ORD-267457
SET500189,PAY100189,MER011,2026-08-08,25000,375.0,67.5,0.0,24557.5,SETTLED,ORD-621530
SET500190,PAY100190,MER003,2026-08-19,75000,1125.0,202.5,0.0,73672.5,SETTLED,ORD-151021
SET500191,PAY100191,MER010,2026-08-22,25000,375.0,67.5,0.0,24507.5,SETTLED,ORD-662761
SET500192,PAY100192,MER014,2026-08-11,12000,180.0,32.4,0.0,11787.6,SETTLED,ORD-147440
SET500193,PAY100193,MER002,2026-08-14,12000,120.0,21.6,0.0,11708.4,SETTLED,ORD-572230
SET500194,PAY100194,MER020,2026-08-11,8500,85.0,15.3,0.0,8399.7,SETTLED,ORD-483366
SET500195,PAY100195,MER020,2026-08-15,500,5.0,0.9,0.0,494.1,SETTLED,ORD-848255
SET500196,PAY100196,MER016,2026-08-17,50000,500.0,90.0,0.0,49410.0,SETTLED,ORD-443897
SET500197,PAY100197,MER011,2026-08-15,5000,50.0,9.0,0.0,4941.0,SETTLED,ORD-452713
SET500198,PAY100198,MER017,2026-08-18,25000,250.0,45.0,0.0,24705.0,SETTLED,ORD-486251
SET500199,PAY100199,MER004,2026-08-21,100000,1000.0,180.0,0.0,98820.0,SETTLED,ORD-725905
SET500200,PAY100200,MER009,2026-08-04,50000,500.0,90.0,0.0,49410.0,SETTLED,ORD-856215
SET500201,PAY100201,MER013,2026-08-10,750,7.5,1.35,0.0,741.15,SETTLED,ORD-119857
SET500202,PAY100202,MER011,2026-08-07,12000,120.0,21.6,0.0,11858.4,SETTLED,ORD-912617
SET500203,PAY100203,MER016,2026-08-07,8500,85.0,15.3,0.0,8399.7,SETTLED,ORD-601608
SET500204,PAY100204,MER017,2026-08-13,50000,750.0,135.0,0.0,48965.0,SETTLED,ORD-672808
SET800204,PAY100204,MER017,2026-08-13,50000,750.0,135.0,0.0,49190.0,SETTLED,ORD-672808
SET500205,PAY100205,MER009,2026-08-09,5000,50.0,9.0,0.0,4941.0,SETTLED,ORD-412071
SET500206,PAY100206,MER007,2026-08-13,5000,75.0,13.5,0.0,4711.5,SETTLED,ORD-227794
SET800206,PAY100206,MER007,2026-08-13,5000,75.0,13.5,0.0,4961.5,SETTLED,ORD-227794
SET500207,PAY100207,MER013,2026-08-07,750,11.25,2.02,0.0,736.73,SETTLED,ORD-563864
SET500208,PAY100208,MER009,2026-08-09,5000,50.0,9.0,0.0,4941.0,SETTLED,ORD-829988
SET500209,PAY100209,MER005,2026-08-22,2500,25.0,4.5,0.0,2470.5,SETTLED,ORD-802371
SET500210,PAY100210,MER008,2026-08-04,25000,250.0,45.0,0.0,24705.0,SETTLED,ORD-814281
SET500212,PAY100212,MER010,2026-08-12,750,7.5,1.35,0.0,741.15,SETTLED,ORD-702022
SET500213,PAY100213,MER008,2026-08-04,1200,12.0,2.16,0.0,592.92,SETTLED,ORD-976822
SET500214,PAY100214,MER006,2026-08-04,75000,750.0,135.0,0.0,74115.0,SETTLED,ORD-451317
SET500215,PAY100215,MER015,2026-08-19,50000,750.0,135.0,0.0,49115.0,SETTLED,ORD386090
SET500217,PAY100217,MER011,2026-08-21,1200,12.0,2.16,0.0,1185.84,SETTLED,ORD-997734
SET500218,PAY100218,MER013,2026-08-19,100000,1000.0,180.0,0.0,34587.0,SETTLED,ORD-293757
SET500219,PAY100219,MER011,2026-08-03,25000,375.0,67.5,0.0,12278.75,SETTLED,ORD-445637
SET500220,PAY100220,MER019,2026-08-11,2500,25.0,4.5,0.0,2470.5,SETTLED,ORD-800224
SET500221,PAY100221,MER015,2026-08-08,5000,50.0,9.0,0.0,4941.0,SETTLED,ORD-223119
SET500222,PAY100222,MER010,2026-08-27,25000,250.0,45.0,0.0,24705.0,SETTLED,ORD-577079
SET500223,PAY100223,MER018,2026-08-20,2500,25.0,4.5,0.0,2470.5,SETTLED,ORD-813390
SET500225,PAY100225,MER018,2026-08-09,1200,18.0,3.24,0.0,1178.76,SETTLED,ORD-995993
SET500226,PAY100226,MER015,2026-08-09,750,7.5,1.35,0.0,491.15,SETTLED,ORD-567122
SET500227,PAY100227,MER005,2026-08-16,50000,750.0,135.0,0.0,49115.0,SETTLED,ORD-805448
SET500228,PAY100228,MER001,2026-08-11,2500,25.0,4.5,0.0,2420.5,SETTLED,ORD-176577
SET500229,PAY100229,MER012,2026-08-20,750,11.25,2.02,0.0,736.73,SETTLED,ORD-133276
SET500230,PAY100230,MER014,2026-08-07,100000,1500.0,270.0,0.0,49115.0,SETTLED,ORD-492650
SET500231,PAY100231,MER013,2026-08-05,50000,500.0,90.0,0.0,48410.0,SETTLED,ORD-785280
SET500232,PAY100232,MER006,2026-08-15,2500,25.0,4.5,0.0,2470.5,SETTLED,ORD-892911
SET500233,PAY100233,MER010,2026-08-20,2500,25.0,4.5,0.0,2470.5,SETTLED,ORD-583000
SET500234,PAY100234,MER005,2026-08-09,500,5.0,0.9,0.0,494.1,SETTLED,ORD-539605
SET500235,PAY100235,MER001,2026-08-09,500,7.5,1.35,0.0,491.15,SETTLED,ORD-726822
SET500237,PAY100237,MER010,2026-08-21,100000,1500.0,270.0,0.0,98230.0,SETTLED,ORD-348411
SET500238,PAY100238,MER005,2026-08-10,500,5.0,0.9,0.0,296.46,SETTLED,ORD-720407
SET500239,PAY100239,MER014,2026-08-04,12000,120.0,21.6,0.0,11858.4,SETTLED,ORD-434217
SET500240,PAY100240,MER014,2026-08-12,50000,750.0,135.0,0.0,49115.0,SETTLED,ORD-352673
SET500241,PAY100241,MER010,2026-08-17,12000,120.0,21.6,0.0,11858.4,SETTLED,ORD-655736
SET500242,PAY100242,MER005,2026-08-10,100000,1000.0,180.0,0.0,98820.0,SETTLED,ORD-571635
SET500243,PAY100243,MER003,2026-08-09,100000,1000.0,180.0,0.0,98820.0,SETTLED,ORD-732209
SET500244,PAY100244,MER003,2026-08-21,2500,37.5,6.75,0.0,2455.75,SETTLED,ORD-319036
SET500245,PAY100245,MER010,2026-08-09,25000,250.0,45.0,0.0,24705.0,SETTLED,ORD-829417
SET500246,PAY100246,MER007,2026-08-10,5000,75.0,13.5,0.0,4911.5,SETTLED,ORD-588899
SET500247,PAY100247,MER012,2026-08-11,25000,375.0,67.5,0.0,24557.5,SETTLED,ORD-203398
SET500248,PAY100248,MER011,2026-08-14,75000,750.0,135.0,0.0,73615.0,SETTLED,ORD-877259
SET500249,PAY100249,MER009,2026-08-12,2500,37.5,6.75,0.0,2455.75,SETTLED,ORD-697467
SET500250,PAY100250,MER016,2026-08-11,100000,1000.0,180.0,0.0,98820.0,SETTLED,ORD-614426
SET500251,PAY100251,MER006,2026-08-08,25000,250.0,45.0,0.0,24705.0,SETTLED,ORD-668471
SET500252,PAY100252,MER002,2026-08-04,100000,1000.0,180.0,0.0,98820.0,SETTLED,ORD-901467
SET500253,PAY100253,MER014,2026-08-23,1200,12.0,2.16,0.0,-1314.16,SETTLED,ORD-329344
SET500254,PAY100254,MER012,2026-08-22,75000,1125.0,202.5,0.0,73672.5,SETTLED,ORD791309
SET500255,PAY100255,MER001,2026-08-20,500,5.0,0.9,0.0,247.05,SETTLED,ORD-857273
SET500256,PAY100256,MER010,2026-08-19,12000,120.0,21.6,0.0,11858.4,SETTLED,ORD-212214
SET500257,PAY100257,MER017,2026-08-10,5000,75.0,13.5,0.0,4911.5,SETTLED,ORD-380310
SET500258,PAY100258,MER003,2026-08-15,2500,37.5,6.75,0.0,859.51,SETTLED,ORD-817269
SET500259,PAY100259,MER002,2026-08-15,25000,250.0,45.0,0.0,24705.0,SETTLED,ORD-767678
SET500260,PAY100260,MER006,2026-08-18,8500,85.0,15.3,0.0,8399.7,SETTLED,ORD-999636
SET500261,PAY100261,MER017,2026-08-10,75000,1125.0,202.5,0.0,73672.5,SETTLED,ORD-384263
SET500262,PAY100262,MER003,2026-08-20,1200,18.0,3.24,0.0,1178.76,SETTLED,ORD-116418
SET500263,PAY100263,MER007,2026-08-15,75000,750.0,135.0,0.0,74115.0,SETTLED,ORD-694223
SET500264,PAY100264,MER018,2026-08-15,750,7.5,1.35,0.0,741.15,SETTLED,ORD-881667
SET500265,PAY100265,MER002,2026-08-16,8500,85.0,15.3,0.0,8399.7,SETTLED,ORD-906360
SET500266,PAY100266,MER020,2026-08-13,25000,375.0,67.5,0.0,24557.5,SETTLED,ORD-339220
SET500267,PAY100267,MER012,2026-08-21,100000,1500.0,270.0,0.0,98230.0,SETTLED,ORD-189856
SET500269,PAY100269,MER011,2026-08-06,25000,375.0,67.5,0.0,24557.5,SETTLED,ORD-898329
SET500270,PAY100270,MER009,2026-08-07,25000,250.0,45.0,0.0,24705.0,SETTLED,ORD-681687
SET500271,PAY100271,MER014,2026-08-03,750,7.5,1.35,0.0,741.15,SETTLED,ORD-727094
SET500272,PAY100272,MER013,2026-08-12,750,7.5,1.35,0.0,641.15,SETTLED,ORD-686716
SET500273,PAY100273,MER017,2026-08-15,5000,75.0,13.5,0.0,4911.5,SETTLED,ORD-617077
SET500275,PAY100275,MER008,2026-08-22,750,7.5,1.35,0.0,741.15,SETTLED,ORD-419457
SET500276,PAY100276,MER013,2026-08-22,8500,127.5,22.95,0.0,8349.55,SETTLED,ORD-450996
SET500277,PAY100277,MER020,2026-08-12,2500,37.5,6.75,0.0,2455.75,SETTLED,ORD-429445
SET500278,PAY100278,MER013,2026-08-12,25000,250.0,45.0,0.0,24705.0,SETTLED,ORD-919959
SET500279,PAY100279,MER011,2026-08-11,8500,85.0,15.3,0.0,8299.7,SETTLED,ORD-691240
SET500281,PAY100281,MER003,2026-08-18,2500,37.5,6.75,0.0,2455.75,SETTLED,ORD-790658
SET500282,PAY100282,MER014,2026-08-05,75000,1125.0,202.5,0.0,73672.5,SETTLED,ORD-660324
SET500283,PAY100283,MER014,2026-08-04,50000,500.0,90.0,0.0,49360.0,SETTLED,ORD-769180
SET500285,PAY100285,MER013,2026-08-16,5000,50.0,9.0,0.0,4841.0,SETTLED,ORD-635482
SET500286,PAY100286,MER012,2026-08-17,50000,500.0,90.0,0.0,49360.0,SETTLED,ORD-461724
SET500288,PAY100288,MER015,2026-08-19,750,11.25,2.02,0.0,736.73,SETTLED,ORD-857065
SET500289,PAY100289,MER011,2026-08-12,750,7.5,1.35,0.0,741.15,SETTLED,ORD-990429
SET500290,PAY100290,MER004,2026-08-10,1200,18.0,3.24,0.0,1178.76,SETTLED,ORD-687044
SET500291,PAY100291,MER015,2026-08-15,100000,1000.0,180.0,0.0,98820.0,SETTLED,ORD-553125
SET500292,PAY100292,MER001,2026-08-17,500,5.0,0.9,0.0,494.1,SETTLED,ORD-325230
SET500293,PAY100293,MER009,2026-08-21,50000,500.0,90.0,0.0,49410.0,SETTLED,ORD-483561
SET500294,PAY100294,MER007,2026-08-06,25000,250.0,45.0,0.0,24705.0,SETTLED,ORD-770153
SET500295,PAY100295,MER020,2026-08-22,8500,127.5,22.95,0.0,8349.55,SETTLED,ORD-986589
SET500296,PAY100296,MER020,2026-08-12,100000,1000.0,180.0,0.0,98820.0,SETTLED,ORD-428399
SET500297,PAY100297,MER008,2026-08-06,1200,12.0,2.16,0.0,1185.84,SETTLED,ORD-507333
SET500299,PAY100299,MER006,2026-08-18,8500,127.5,22.95,0.0,8349.55,SETTLED,ORD-749498
SET500300,PAY100300,MER012,2026-08-18,12000,120.0,21.6,0.0,11858.4,SETTLED,ORD-629990
SET500301,PAY100301,MER016,2026-08-18,25000,375.0,67.5,0.0,24557.5,SETTLED,ORD-275377
SET500302,PAY100302,MER019,2026-08-10,2500,25.0,4.5,0.0,2470.5,SETTLED,ORD-402692
SET500304,PAY100304,MER012,2026-08-04,50000,500.0,90.0,0.0,49360.0,SETTLED,ORD-545807
SET500305,PAY100305,MER008,2026-08-04,750,11.25,2.02,0.0,736.73,SETTLED,ORD-223088
SET500306,PAY100306,MER007,2026-08-22,75000,750.0,135.0,0.0,74115.0,SETTLED,ORD-922974
SET500307,PAY100307,MER007,2026-08-21,75000,750.0,135.0,0.0,74115.0,SETTLED,ORD-276556
SET500308,PAY100308,MER010,2026-08-21,100000,1000.0,180.0,0.0,98570.0,SETTLED,ORD-242175
SET500309,PAY100309,MER009,2026-08-07,8500,85.0,15.3,0.0,8399.7,SETTLED,ORD-898462
SET500310,PAY100310,MER016,2026-08-21,12000,180.0,32.4,0.0,11787.6,SETTLED,ORD-573947
SET500311,PAY100311,MER003,2026-08-19,8500,127.5,22.95,0.0,8349.55,SETTLED,ORD-611751
SET500312,PAY100312,MER019,2026-08-05,100000,1000.0,180.0,0.0,98820.0,SETTLED,ORD-475623
SET500313,PAY100313,MER018,2026-08-09,25000,375.0,67.5,0.0,24557.5,SETTLED,ORD-438548
SET500315,PAY100315,MER002,2026-08-27,500,5.0,0.9,0.0,494.1,SETTLED,ORD-999312
SET500316,PAY100316,MER015,2026-08-16,1200,12.0,2.16,0.0,1185.84,SETTLED,ORD-416528
SET500317,PAY100317,MER006,2026-08-05,750,11.25,2.02,0.0,636.73,SETTLED,ORD-796787
SET500318,PAY100318,MER013,2026-08-10,750,7.5,1.35,0.0,741.15,SETTLED,ORD-323788
SET500319,PAY100319,MER003,2026-08-21,25000,250.0,45.0,0.0,24705.0,SETTLED,ORD-108454
SET500320,PAY100320,MER004,2026-08-07,12000,120.0,21.6,0.0,11858.4,SETTLED,ORD-866260
SET500321,PAY100321,MER004,2026-08-14,1200,12.0,2.16,0.0,1185.84,SETTLED,ORD-810029
SET500322,PAY100322,MER003,2026-08-21,1200,18.0,3.24,0.0,1178.76,SETTLED,ORD-468247
SET500323,PAY100323,MER005,2026-08-22,2500,25.0,4.5,0.0,2470.5,SETTLED,ORD-205345
SET500324,PAY100324,MER004,2026-08-14,1200,12.0,2.16,0.0,1185.84,SETTLED,ORD-390421
SET500325,PAY100325,MER003,2026-08-23,75000,1125.0,202.5,0.0,73672.5,SETTLED,ORD-916808
SET500326,PAY100326,MER010,2026-08-19,12000,180.0,32.4,0.0,11787.6,SETTLED,ORD-777558
SET500327,PAY100327,MER008,2026-08-15,100000,1000.0,180.0,0.0,98820.0,SETTLED,ORD-174461
SET500328,PAY100328,MER001,2026-08-13,75000,1125.0,202.5,0.0,73672.5,SETTLED,ORD-483162
SET500329,PAY100329,MER006,2026-08-05,500,7.5,1.35,0.0,391.15,SETTLED,ORD-326222
SET800329,PAY100329,MER006,2026-08-05,500,7.5,1.35,0.0,541.15,SETTLED,ORD-326222
SET500330,PAY100330,MER017,2026-08-29,12000,180.0,32.4,0.0,11787.6,SETTLED,ORD-835901
SET500331,PAY100331,MER018,2026-08-22,5000,50.0,9.0,0.0,4841.0,SETTLED,ORD-636141
SET500332,PAY100332,MER018,2026-08-15,100000,1000.0,180.0,0.0,98820.0,SETTLED,ORD-774396
SET500333,PAY100333,MER003,2026-08-16,500,5.0,0.9,0.0,247.05,SETTLED,ORD-190400
SET500334,PAY100334,MER015,2026-08-12,1200,12.0,2.16,0.0,1185.84,SETTLED,ORD-113280
SET500335,PAY100335,MER001,2026-08-18,5000,50.0,9.0,0.0,4941.0,SETTLED,ORD-489933
SET500336,PAY100336,MER009,2026-08-03,5000,50.0,9.0,0.0,4941.0,SETTLED,ORD-166974
SET500337,PAY100337,MER019,2026-08-18,500,7.5,1.35,0.0,491.15,SETTLED,ORD-694423
SET500338,PAY100338,MER012,2026-08-11,75000,750.0,135.0,0.0,74115.0,SETTLED,ORD-857888
SET500339,PAY100339,MER008,2026-08-03,500,5.0,0.9,0.0,494.1,SETTLED,ORD-148215
SET500340,PAY100340,MER012,2026-08-07,500,5.0,0.9,0.0,494.1,SETTLED,ORD-942127
SET500341,PAY100341,MER014,2026-08-13,8500,127.5,22.95,0.0,8349.55,SETTLED,ORD-966120
SET500342,PAY100342,MER019,2026-08-06,500,5.0,0.9,0.0,494.1,SETTLED,ORD-334026
SET500343,PAY100343,MER002,2026-08-05,5000,75.0,13.5,0.0,4911.5,SETTLED,ORD-190581
SET500344,PAY100344,MER015,2026-08-14,5000,50.0,9.0,0.0,4841.0,SETTLED,ORD-752966
SET500345,PAY100345,MER012,2026-08-09,2500,25.0,4.5,0.0,970.5,SETTLED,ORD-106687
SET500346,PAY100346,MER008,2026-08-20,500,7.5,1.35,0.0,491.15,SETTLED,ORD-101533
SET500347,PAY100347,MER004,2026-08-19,500,5.0,0.9,0.0,494.1,SETTLED,ORD-846221
SET500348,PAY100348,MER003,2026-08-10,8500,127.5,22.95,0.0,8349.55,SETTLED,ORD-884229
SET500349,PAY100349,MER019,2026-08-19,12000,120.0,21.6,0.0,11858.4,SETTLED,ORD-720647
SET500350,PAY100350,MER002,2026-08-07,8500,127.5,22.95,0.0,8349.55,SETTLED,ORD-834764
SET500351,PAY100351,MER011,2026-08-11,1200,12.0,2.16,0.0,1185.84,SETTLED,ORD-214266
SET500352,PAY100352,MER004,2026-08-17,750,7.5,1.35,0.0,741.15,SETTLED,ORD-475691
SET500353,PAY100353,MER015,2026-08-17,750,7.5,1.35,0.0,741.15,SETTLED,ORD-946826
SET500354,PAY100354,MER020,2026-08-09,1200,12.0,2.16,0.0,1185.84,SETTLED,ORD-845702
SET500355,PAY100355,MER012,2026-08-19,5000,50.0,9.0,0.0,4941.0,SETTLED,ORD-132591
SET500356,PAY100356,MER013,2026-08-20,750,11.25,2.02,0.0,736.73,SETTLED,ORD-206857
SET500357,PAY100357,MER004,2026-08-04,1200,12.0,2.16,0.0,1185.84,SETTLED,ORD-963684
SET500358,PAY100358,MER012,2026-08-21,750,7.5,1.35,0.0,741.15,SETTLED,ORD-167603
SET500359,PAY100359,MER015,2026-08-05,8500,85.0,15.3,0.0,8399.7,SETTLED,ORD-144770
SET500360,PAY100360,MER002,2026-08-21,12000,180.0,32.4,0.0,11787.6,SETTLED,ORD-130914
SET500361,PAY100361,MER014,2026-08-14,5000,75.0,13.5,0.0,4911.5,SETTLED,ORD-567676
SET500362,PAY100362,MER002,2026-08-23,50000,750.0,135.0,0.0,49115.0,SETTLED,ORD-163941
SET500363,PAY100363,MER009,2026-08-10,50000,500.0,90.0,0.0,49410.0,SETTLED,ORD-761393
SET500364,PAY100364,MER012,2026-08-20,75000,750.0,135.0,0.0,74115.0,SETTLED,ORD-437226
SET500365,PAY100365,MER009,2026-08-03,500,7.5,1.35,0.0,491.15,SETTLED,ORD161437
SET500366,PAY100366,MER017,2026-08-21,2500,25.0,4.5,0.0,1235.25,SETTLED,ORD-352867
SET500367,PAY100367,MER002,2026-08-21,8500,85.0,15.3,0.0,8399.7,SETTLED,ORD-284654
SET500368,PAY100368,MER019,2026-08-14,8500,85.0,15.3,0.0,8399.7,SETTLED,ORD-690984
SET500369,PAY100369,MER019,2026-08-18,25000,250.0,45.0,0.0,24655.0,SETTLED,ORD-194641
SET500370,PAY100370,MER020,2026-08-03,8500,85.0,15.3,0.0,8399.7,SETTLED,ORD-311250
SET500371,PAY100371,MER011,2026-08-13,75000,750.0,135.0,0.0,74115.0,SETTLED,ORD-248533
SET500372,PAY100372,MER017,2026-08-05,12000,120.0,21.6,0.0,11708.4,SETTLED,ORD-205939
SET500374,PAY100374,MER006,2026-08-10,1200,18.0,3.24,0.0,1178.76,SETTLED,ORD-421727
SET500376,PAY100376,MER002,2026-08-22,75000,750.0,135.0,0.0,74115.0,SETTLED,ORD-770718
SET500377,PAY100377,MER004,2026-08-07,2500,37.5,6.75,0.0,2455.75,SETTLED,ORD-435039
SET500378,PAY100378,MER003,2026-08-17,2500,25.0,4.5,0.0,2470.5,SETTLED,ORD-171087
SET500379,PAY100379,MER009,2026-08-03,12000,120.0,21.6,0.0,11858.4,SETTLED,ORD-534130
SET500380,PAY100380,MER013,2026-08-20,25000,250.0,45.0,0.0,24705.0,SETTLED,ORD-782591
SET500381,PAY100381,MER006,2026-08-05,5000,50.0,9.0,0.0,4941.0,SETTLED,ORD-434198
SET500382,PAY100382,MER004,2026-08-13,1200,12.0,2.16,0.0,-1314.16,SETTLED,ORD-178645
SET500383,PAY100383,MER011,2026-08-03,75000,1125.0,202.5,0.0,73672.5,SETTLED,ORD-264735
SET500384,PAY100384,MER004,2026-08-09,50000,500.0,90.0,0.0,49410.0,SETTLED,ORD-865433
SET500385,PAY100385,MER009,2026-08-12,12000,120.0,21.6,0.0,11858.4,SETTLED,ORD-676363
SET500387,PAY100387,MER016,2026-08-12,100000,1500.0,270.0,0.0,98230.0,SETTLED,ORD-185916
SET500388,PAY100388,MER010,2026-08-18,5000,50.0,9.0,0.0,4941.0,SETTLED,ORD-773045
SET500390,PAY100390,MER015,2026-08-10,500,5.0,0.9,0.0,294.1,SETTLED,ORD-888775
SET800390,PAY100390,MER015,2026-08-10,500,5.0,0.9,0.0,519.1,SETTLED,ORD-888775
SET500391,PAY100391,MER003,2026-08-20,2500,25.0,4.5,0.0,2470.5,SETTLED,ORD-163946
SET500392,PAY100392,MER017,2026-08-26,25000,250.0,45.0,0.0,24705.0,SETTLED,ORD-347088
SET500393,PAY100393,MER003,2026-08-04,50000,500.0,90.0,0.0,49410.0,SETTLED,ORD-810446
SET500394,PAY100394,MER005,2026-08-17,2500,25.0,4.5,0.0,2470.5,SETTLED,ORD-144748
SET500395,PAY100395,MER014,2026-08-16,1200,12.0,2.16,0.0,1185.84,SETTLED,ORD370413
SET500396,PAY100396,MER003,2026-08-15,8500,127.5,22.95,0.0,4174.77,SETTLED,ORD-644932
SET500397,PAY100397,MER020,2026-08-16,1200,12.0,2.16,0.0,1185.84,SETTLED,ORD-716493
SET500398,PAY100398,MER004,2026-08-21,5000,50.0,9.0,0.0,4941.0,SETTLED,ORD-460572
SET500399,PAY100399,MER009,2026-08-23,25000,250.0,45.0,0.0,24705.0,SETTLED,ORD-280564
SET500400,PAY100400,MER013,2026-08-22,12000,120.0,21.6,0.0,11708.4,SETTLED,ORD-515018
SET500401,PAY100401,MER002,2026-08-11,5000,75.0,13.5,0.0,4911.5,SETTLED,ORD-393964
SET500402,PAY100402,MER004,2026-08-07,8500,127.5,22.95,0.0,8099.55,SETTLED,ORD-864201
SET500404,PAY100404,MER012,2026-08-25,5000,50.0,9.0,0.0,4941.0,SETTLED,ORD-631413
SET500405,PAY100405,MER017,2026-08-08,2500,25.0,4.5,0.0,2470.5,SETTLED,ORD-361609
SET500406,PAY100406,MER015,2026-08-14,8500,127.5,22.95,0.0,8099.55,SETTLED,ORD-629663
SET500407,PAY100407,MER004,2026-08-10,25000,250.0,45.0,0.0,24705.0,SETTLED,ORD-597635
SET500408,PAY100408,MER018,2026-08-14,5000,50.0,9.0,0.0,4941.0,SETTLED,ORD-971230
SET500409,PAY100409,MER010,2026-08-15,75000,750.0,135.0,0.0,74115.0,SETTLED,ORD-998746
SET500410,PAY100410,MER008,2026-08-11,500,5.0,0.9,0.0,494.1,SETTLED,ORD-109330
SET500411,PAY100411,MER005,2026-08-22,5000,50.0,9.0,0.0,4941.0,SETTLED,ORD-944193
SET500412,PAY100412,MER009,2026-08-15,5000,50.0,9.0,0.0,4791.0,SETTLED,ORD-589368
SET500413,PAY100413,MER020,2026-08-21,100000,1500.0,270.0,0.0,98230.0,SETTLED,ORD-688730
SET500414,PAY100414,MER020,2026-08-12,750,11.25,2.02,0.0,442.04,SETTLED,ORD-389913
SET500415,PAY100415,MER009,2026-08-23,5000,50.0,9.0,0.0,2964.6,SETTLED,ORD-257212
SET500416,PAY100416,MER002,2026-08-13,500,5.0,0.9,0.0,494.1,SETTLED,ORD-621533
SET500417,PAY100417,MER009,2026-08-15,75000,750.0,135.0,0.0,73615.0,SETTLED,ORD-699829
SET500418,PAY100418,MER008,2026-08-23,100000,1500.0,270.0,0.0,49115.0,SETTLED,ORD-631958
SET500419,PAY100419,MER018,2026-08-12,5000,50.0,9.0,0.0,4941.0,SETTLED,ORD-947609
SET500420,PAY100420,MER006,2026-08-23,2500,25.0,4.5,0.0,2470.5,SETTLED,ORD-422002
SET500421,PAY100421,MER014,2026-08-14,25000,250.0,45.0,0.0,24705.0,SETTLED,ORD-593393
SET500422,PAY100422,MER019,2026-08-18,100000,1500.0,270.0,0.0,98080.0,SETTLED,ORD-655575
SET500423,PAY100423,MER002,2026-08-07,75000,1125.0,202.5,0.0,73672.5,SETTLED,ORD-250181
SET500424,PAY100424,MER006,2026-08-18,8500,85.0,15.3,0.0,8399.7,SETTLED,ORD-160831
SET500426,PAY100426,MER005,2026-08-23,25000,375.0,67.5,0.0,24557.5,SETTLED,ORD-104895
SET500427,PAY100427,MER018,2026-08-14,50000,500.0,90.0,0.0,49410.0,SETTLED,ORD-118786
SET500428,PAY100428,MER008,2026-08-14,12000,120.0,21.6,0.0,11858.4,SETTLED,ORD-717265
SET500429,PAY100429,MER006,2026-08-04,50000,500.0,90.0,0.0,49260.0,SETTLED,ORD-649577
SET500430,PAY100430,MER005,2026-08-18,1200,18.0,3.24,0.0,1078.76,SETTLED,ORD-120053
SET500431,PAY100431,MER005,2026-08-03,750,11.25,2.02,0.0,736.73,SETTLED,ORD-845652
SET500432,PAY100432,MER002,2026-08-23,75000,750.0,135.0,0.0,74115.0,SETTLED,ORD-722774
SET500433,PAY100433,MER004,2026-08-04,25000,375.0,67.5,0.0,24557.5,SETTLED,ORD-229598
SET500434,PAY100434,MER009,2026-08-07,100000,1000.0,180.0,0.0,98820.0,SETTLED,ORD-415743
SET500435,PAY100435,MER004,2026-08-11,1200,18.0,3.24,0.0,1178.76,SETTLED,ORD-971002
SET500436,PAY100436,MER017,2026-08-12,25000,250.0,45.0,0.0,24705.0,SETTLED,ORD-738584
SET500437,PAY100437,MER009,2026-08-09,5000,50.0,9.0,0.0,4941.0,SETTLED,ORD-141319
SET500438,PAY100438,MER016,2026-08-18,500,5.0,0.9,0.0,494.1,SETTLED,ORD-193326
SET500440,PAY100440,MER009,2026-08-17,500,5.0,0.9,0.0,494.1,SETTLED,ORD-952679
SET500441,PAY100441,MER002,2026-08-14,12000,120.0,21.6,0.0,11858.4,SETTLED,ORD-221531
SET500442,PAY100442,MER002,2026-08-07,8500,127.5,22.95,0.0,8349.55,SETTLED,ORD-558976
SET500443,PAY100443,MER009,2026-08-14,750,11.25,2.02,0.0,486.73,SETTLED,ORD-519692
SET500444,PAY100444,MER013,2026-08-16,1200,12.0,2.16,0.0,1185.84,SETTLED,ORD-238948
SET500445,PAY100445,MER006,2026-08-16,75000,750.0,135.0,0.0,74115.0,SETTLED,ORD-559447
SET500446,PAY100446,MER020,2026-08-14,100000,1000.0,180.0,0.0,98820.0,SETTLED,ORD-237002
SET500447,PAY100447,MER016,2026-08-16,5000,50.0,9.0,0.0,4941.0,SETTLED,ORD-429502
SET500448,PAY100448,MER017,2026-08-13,75000,750.0,135.0,0.0,74115.0,SETTLED,ORD-553873
SET500449,PAY100449,MER008,2026-08-14,12000,120.0,21.6,0.0,9358.4,SETTLED,ORD-979789
SET500450,PAY100450,MER002,2026-08-23,25000,375.0,67.5,0.0,24557.5,SETTLED,ORD273438
SET500451,PAY100451,MER016,2026-08-10,50000,500.0,90.0,0.0,49410.0,SETTLED,ORD-677236
SET500452,PAY100452,MER013,2026-08-10,75000,1125.0,202.5,0.0,73672.5,SETTLED,ORD-192295
SET500453,PAY100453,MER016,2026-08-13,100000,1000.0,180.0,0.0,98820.0,SETTLED,ORD-207629
SET500454,PAY100454,MER014,2026-08-20,750,7.5,1.35,0.0,741.15,SETTLED,ORD-749137
SET500455,PAY100455,MER010,2026-08-23,25000,375.0,67.5,0.0,24557.5,SETTLED,ORD-480992
SET500456,PAY100456,MER015,2026-08-20,25000,250.0,45.0,0.0,24705.0,SETTLED,ORD-789089
SET500457,PAY100457,MER015,2026-08-06,500,7.5,1.35,0.0,-508.85,SETTLED,ORD-472390
SET500459,PAY100459,MER004,2026-08-22,12000,120.0,21.6,0.0,11858.4,SETTLED,ORD-579247
SET500460,PAY100460,MER011,2026-08-16,100000,1000.0,180.0,0.0,98820.0,SETTLED,ORD-229204
SET500461,PAY100461,MER015,2026-08-07,500,5.0,0.9,0.0,494.1,SETTLED,ORD-553834
SET500462,PAY100462,MER019,2026-08-19,1200,12.0,2.16,0.0,1185.84,SETTLED,ORD-706658
SET500463,PAY100463,MER005,2026-08-15,8500,85.0,15.3,0.0,4199.85,SETTLED,ORD-503348
SET500464,PAY100464,MER008,2026-08-15,1200,12.0,2.16,0.0,1185.84,SETTLED,ORD-532794
SET500465,PAY100465,MER017,2026-08-20,50000,500.0,90.0,0.0,49410.0,SETTLED,ORD-327900
SET500466,PAY100466,MER007,2026-08-14,100000,1000.0,180.0,0.0,98670.0,SETTLED,ORD-628370
SET500467,PAY100467,MER012,2026-08-21,12000,120.0,21.6,0.0,11858.4,SETTLED,ORD-884197
SET500468,PAY100468,MER010,2026-08-03,12000,120.0,21.6,0.0,11858.4,SETTLED,ORD-155642
SET500469,PAY100469,MER002,2026-08-11,5000,50.0,9.0,0.0,4941.0,SETTLED,ORD-362732
SET500470,PAY100470,MER002,2026-08-09,8500,127.5,22.95,0.0,5849.55,SETTLED,ORD-207458
SET500472,PAY100472,MER013,2026-08-16,50000,500.0,90.0,0.0,49260.0,SETTLED,ORD-113595
SET500474,PAY100474,MER018,2026-08-09,100000,1000.0,180.0,0.0,98820.0,SETTLED,ORD-296059
SET500475,PAY100475,MER017,2026-08-15,50000,750.0,135.0,0.0,49115.0,SETTLED,ORD-236384
SET500476,PAY100476,MER019,2026-08-03,1200,12.0,2.16,0.0,1185.84,SETTLED,ORD-261169
SET500477,PAY100477,MER020,2026-08-23,5000,75.0,13.5,0.0,4761.5,SETTLED,ORD-928278
SET500478,PAY100478,MER011,2026-08-10,50000,500.0,90.0,0.0,49410.0,SETTLED,ORD-536135
SET500479,PAY100479,MER018,2026-08-05,2500,25.0,4.5,0.0,2470.5,SETTLED,ORD-448005
SET500480,PAY100480,MER012,2026-08-09,25000,250.0,45.0,0.0,24705.0,SETTLED,ORD-963699
SET500481,PAY100481,MER001,2026-08-14,100000,1000.0,180.0,0.0,98820.0,SETTLED,ORD-751303
SET500482,PAY100482,MER002,2026-08-15,5000,50.0,9.0,0.0,4941.0,SETTLED,ORD-859143
SET500483,PAY100483,MER001,2026-08-14,25000,375.0,67.5,0.0,24557.5,SETTLED,ORD-145981
SET500484,PAY100484,MER007,2026-08-19,50000,500.0,90.0,0.0,49410.0,SETTLED,ORD-107686
SET500485,PAY100485,MER003,2026-08-23,100000,1500.0,270.0,0.0,98180.0,SETTLED,ORD-976258
SET500486,PAY100486,MER018,2026-08-23,100000,1000.0,180.0,0.0,98820.0,SETTLED,ORD-124906
SET500487,PAY100487,MER011,2026-08-05,5000,50.0,9.0,0.0,4941.0,SETTLED,ORD-173863
SET500488,PAY100488,MER008,2026-08-19,12000,180.0,32.4,0.0,11787.6,SETTLED,ORD-431773
SET500489,PAY100489,MER004,2026-08-03,750,7.5,1.35,0.0,641.15,SETTLED,ORD-714054
SET800489,PAY100489,MER004,2026-08-03,750,7.5,1.35,0.0,791.15,SETTLED,ORD-714054
SET500491,PAY100491,MER013,2026-08-03,2500,25.0,4.5,0.0,2470.5,SETTLED,ORD-883028
SET500493,PAY100493,MER018,2026-08-06,75000,1125.0,202.5,0.0,73672.5,SETTLED,ORD-663244
SET500494,PAY100494,MER003,2026-08-09,8500,85.0,15.3,0.0,8399.7,SETTLED,ORD-532699
SET500495,PAY100495,MER017,2026-08-08,5000,50.0,9.0,0.0,4941.0,SETTLED,ORD-220190
SET500496,PAY100496,MER019,2026-08-20,750,11.25,2.02,0.0,736.73,SETTLED,ORD-804313
SET500498,PAY100498,MER008,2026-08-12,2500,37.5,6.75,0.0,2455.75,SETTLED,ORD-609462
SET500499,PAY100499,MER011,2026-08-21,8500,127.5,22.95,0.0,8349.55,SETTLED,ORD-549112
SET500500,PAY100500,MER001,2026-08-10,100000,1500.0,270.0,0.0,98080.0,SETTLED,ORD-390119
